# n_class	n_emitted	src
17	81	src/system/movie/Movie.cpp
12	139	src/system/os/ContentMgr.cpp
10	399	src/system/obj/DirLoader.cpp
9	258	src/system/rndobj/Shader.cpp
9	1284	src/system/rndobj/Text.cpp
9	599	src/system/ui/UIListDir.cpp
8	1511	src/system/hamobj/HamDirector.cpp
8	1296	src/system/rndobj/PropAnim.cpp
7	310	src/system/os/ContentMgr_Xbox.cpp
7	195	src/system/rndobj/Lit_NG.cpp
7	866	src/system/rndobj/Rnd.cpp
7	238	src/system/ui/UIListSlot.cpp
7	282	src/system/world/PhysicsVolume.cpp
6	411	src/lazer/game/Game.cpp
6	529	src/lazer/meta_ham/PlaylistSortMgr.cpp
6	320	src/system/gesture/StreamRenderer.cpp
6	823	src/system/hamobj/HamNavList.cpp
6	380	src/system/moviebink/BinkMovieImpl.cpp
6	415	src/system/ui/UITrigger.cpp
6	950	src/system/world/Dir.cpp
6	106	src/system/world/FreeCamera.cpp
5	195	src/lazer/meta_ham/SaveLoadManager.cpp
5	271	src/system/flow/FlowAnimate.cpp
5	567	src/system/gesture/DepthBuffer3D.cpp
5	114	src/system/net/DingoJob.cpp
5	440	src/system/rndobj/TexBlender.cpp
5	514	src/system/synth/StandardStream.cpp
5	133	src/system/ui/UIListState.cpp
4	409	src/lazer/game/GamePanel.cpp
4	137	src/lazer/meta_ham/LoadingPanel.cpp
4	441	src/system/gesture/LiveCameraInput.cpp
4	327	src/system/gesture/SkeletonViz.cpp
4	273	src/system/hamobj/HamAudio.cpp
4	179	src/system/hamobj/HamSongData.cpp
4	1139	src/system/hamobj/MoveDir.cpp
4	228	src/system/midi/MidiReader.cpp
4	222	src/system/obj/TypeProps.cpp
4	412	src/system/obj/Utl.cpp
4	137	src/system/os/HDCache.cpp
4	772	src/system/rndobj/Dir.cpp
4	160	src/system/ui/UIListProvider.cpp
4	233	src/system/ui/UIListSubList.cpp
4	1174	src/system/world/CameraShot.cpp
3	261	src/lazer/meta_ham/AppLabel.cpp
3	228	src/lazer/meta_ham/NavListSort.cpp
3	386	src/lazer/meta_ham/NavListSortMgr.cpp
3	296	src/lazer/meta_ham/ProfileMgr.cpp
3	467	src/system/char/CharClipSet.cpp
3	789	src/system/flow/Flow.cpp
3	317	src/system/flow/FlowSetProperty.cpp
3	283	src/system/flow/FlowSlider.cpp
3	206	src/system/flow/FlowTimer.cpp
3	97	src/system/gesture/DrawUtl.cpp
3	246	src/system/gesture/SkeletonUpdate.cpp
3	260	src/system/hamobj/HamMaster.cpp
3	305	src/system/hamobj/MeterDisplay.cpp
3	171	src/system/meta/CreditsPanel.cpp
3	442	src/system/meta/StorePanel.cpp
3	252	src/system/movie/TexMovie.cpp
3	132	src/system/net/WebSvcMgrCurl.cpp
3	154	src/system/net/WebSvcReq.cpp
3	313	src/system/obj/Object.cpp
3	117	src/system/rndobj/DOFProc_NG.cpp
3	1303	src/system/rndobj/Mesh.cpp
3	201	src/system/rndobj/PostProc_NG.cpp
3	111	src/system/rndobj/SoftParticleBuffer.cpp
3	454	src/system/rndobj/TexRenderer.cpp
3	1441	src/system/rndobj/Utl.cpp
3	764	src/system/synth/Synth.cpp
3	428	src/system/ui/UIFontImporter.cpp
3	486	src/system/ui/UILabelDir.cpp
3	216	src/system/ui/UIListCustom.cpp
3	236	src/system/ui/UIListLabel.cpp
3	304	src/system/ui/UIScreen.cpp
3	674	src/system/world/CameraManager.cpp
3	781	src/system/world/Spotlight.cpp
2	979	src/lazer/meta_ham/AccomplishmentManager.cpp
2	536	src/lazer/meta_ham/HamStorePanel.cpp
2	188	src/lazer/meta_ham/KinectSharePanel.cpp
2	444	src/lazer/meta_ham/MainMenuPanel.cpp
2	159	src/lazer/meta_ham/OptionsPanel.cpp
2	107	src/lazer/meta_ham/PlaylistSortByTypeCmp.cpp
2	222	src/lazer/meta_ham/ShellInput.cpp
2	195	src/lazer/meta_ham/SongSelectPlaylistPanel.cpp
2	282	src/lazer/meta_ham/SongSort.cpp
2	183	src/lazer/meta_ham/SongSortNode.cpp
2	299	src/lazer/meta_ham/VoiceControlPanel.cpp
2	135	src/lazer/net_ham/PartyModeJobs.cpp
2	298	src/system/char/CharBonesSamples.cpp
2	133	src/system/char/CharClipDriver.cpp
2	147	src/system/flow/FlowDistance.cpp
2	416	src/system/flow/FlowManager.cpp
2	106	src/system/flow/FlowOnStop.cpp
2	187	src/system/flow/FlowQueueable.cpp
2	151	src/system/flow/FlowSequence.cpp
2	204	src/system/flow/FlowSound.cpp
2	127	src/system/flow/FlowSwitch.cpp
2	250	src/system/flow/FlowSwitchCase.cpp
2	159	src/system/flow/FlowWhile.cpp
2	505	src/system/gesture/StreamRecorder.cpp
2	313	src/system/hamobj/CharFeedback.cpp
2	408	src/system/hamobj/FreestyleMoveRecorder.cpp
2	647	src/system/hamobj/HamListRibbon.cpp
2	397	src/system/hamobj/HamRibbon.cpp
2	839	src/system/hamobj/MoveMgr.cpp
2	318	src/system/hamobj/PoseFatalities.cpp
2	471	src/system/hamobj/RhythmBattle.cpp
2	359	src/system/hamobj/RhythmBattlePlayer.cpp
2	546	src/system/hamobj/SongLayout.cpp
2	139	src/system/meta/FixedSizeSaveable.cpp
2	227	src/system/meta/MoviePanel.cpp
2	236	src/system/meta/PreloadPanel.cpp
2	167	src/system/meta/SongPreview.cpp
2	164	src/system/net/WebSvcMgr.cpp
2	953	src/system/obj/Dir.cpp
2	37	src/system/os/HolmesKeyboard.cpp
2	29	src/system/os/Memcard.cpp
2	233	src/system/os/System.cpp
2	124	src/system/rnddx9/Rnd.cpp
2	556	src/system/rnddx9/Rnd_Xbox.cpp
2	209	src/system/rnddx9/ShaderMgr.cpp
2	1068	src/system/rndobj/AmbientOcclusion.cpp
2	270	src/system/rndobj/Flare.cpp
2	713	src/system/rndobj/Font.cpp
2	668	src/system/rndobj/Group.cpp
2	460	src/system/rndobj/Line.cpp
2	299	src/system/rndobj/MotionBlur.cpp
2	540	src/system/rndobj/MultiMesh.cpp
2	149	src/system/rndobj/MultiMeshProxy.cpp
2	346	src/system/rndobj/Ribbon.cpp
2	299	src/system/rndobj/Rnd_NG.cpp
2	226	src/system/rndobj/ScreenMask.cpp
2	154	src/system/rndobj/ShaderMgr.cpp
2	66	src/system/rndobj/ShaderProgram.cpp
2	83	src/system/rndobj/ShadowMap.cpp
2	194	src/system/synth/FxSend.cpp
2	353	src/system/synth/MetaMusic.cpp
2	334	src/system/synth/MidiInstrument.cpp
2	275	src/system/synth/MoggClip.cpp
2	455	src/system/synth/Sfx.cpp
2	13	src/system/synth_xbox/PitchShiftEffect.cpp
2	540	src/system/ui/InlineHelp.cpp
2	183	src/system/ui/Screenshot.cpp
2	559	src/system/ui/UILabel.cpp
2	212	src/system/ui/UIListArrow.cpp
2	187	src/system/ui/UIListHighlight.cpp
2	100	src/system/utl/ChunkStream.cpp
2	466	src/system/utl/Song.cpp
2	1359	src/system/world/Crowd.cpp
2	596	src/system/world/Instance.cpp
2	1770	src/system/world/LightPreset.cpp
2	672	src/system/world/SpotlightDrawer.cpp
2	352	src/system/world/SpotlightDrawer_NG.cpp
1	158	src/App.cpp
1	423	src/lazer/game/BustAMovePanel.cpp
1	112	src/lazer/game/GameMode.cpp
1	305	src/lazer/meta_ham/AppMiniLeaderboardDisplay.cpp
1	100	src/lazer/meta_ham/AppNavProvider.cpp
1	283	src/lazer/meta_ham/CampaignMasterQuestCrewSelectPanel.cpp
1	247	src/lazer/meta_ham/CampaignSongSelectPanel.cpp
1	226	src/lazer/meta_ham/ChallengeResultPanel.cpp
1	263	src/lazer/meta_ham/ChallengeSort.cpp
1	107	src/lazer/meta_ham/ChallengeSortByScore.cpp
1	199	src/lazer/meta_ham/ChallengeSortNode.cpp
1	120	src/lazer/meta_ham/ChooseProfilePanel.cpp
1	188	src/lazer/meta_ham/FitnessCalorieSort.cpp
1	381	src/lazer/meta_ham/HamProfile.cpp
1	926	src/lazer/meta_ham/HamSongMgr.cpp
1	241	src/lazer/meta_ham/HelpBarPanel.cpp
1	343	src/lazer/meta_ham/Leaderboards.cpp
1	147	src/lazer/meta_ham/LetterboxPanel.cpp
1	146	src/lazer/meta_ham/LockedContentPanel.cpp
1	180	src/lazer/meta_ham/MQSongSortByCharacter.cpp
1	324	src/lazer/meta_ham/MQSongSortMgr.cpp
1	157	src/lazer/meta_ham/MQSongSortNode.cpp
1	652	src/lazer/meta_ham/MetaPanel.cpp
1	87	src/lazer/meta_ham/MoveRatingHistory.cpp
1	284	src/lazer/meta_ham/MultiUserGesturePanel.cpp
1	225	src/lazer/meta_ham/NavListNode.cpp
1	199	src/lazer/meta_ham/PlaylistSort.cpp
1	157	src/lazer/meta_ham/PlaylistSortNode.cpp
1	195	src/lazer/meta_ham/SkeletonChooser.cpp
1	137	src/lazer/meta_ham/SkillsAwardList.cpp
1	124	src/lazer/meta_ham/SongSelectPanel.cpp
1	142	src/lazer/meta_ham/SongSelectPlaylistCustomizePanel.cpp
1	224	src/lazer/meta_ham/TexLoadPanel.cpp
1	125	src/lazer/meta_ham/WeightInput.cpp
1	257	src/lazer/net_ham/DataMinerJobs.cpp
1	258	src/lazer/net_ham/RockCentral.cpp
1	424	src/system/char/Char.cpp
1	241	src/system/char/CharBone.cpp
1	146	src/system/char/CharClipDisplay.cpp
1	145	src/system/char/CharDriverMidi.cpp
1	468	src/system/char/CharIKMidi.cpp
1	239	src/system/char/CharTransDraw.cpp
1	1342	src/system/char/Character.cpp
1	461	src/system/char/ClipCollide.cpp
1	455	src/system/char/ClipDistMap.cpp
1	491	src/system/char/FileMerger.cpp
1	230	src/system/flow/FlowCommand.cpp
1	97	src/system/flow/FlowEventListener.cpp
1	526	src/system/flow/FlowNode.cpp
1	139	src/system/flow/FlowOutPort.cpp
1	189	src/system/flow/FlowRun.cpp
1	239	src/system/gesture/GestureMgr.cpp
1	174	src/system/gesture/Skeleton.cpp
1	528	src/system/gesture/SkeletonClip.cpp
1	264	src/system/hamobj/ClipPlayer.cpp
1	122	src/system/hamobj/ErrorNode.cpp
1	64	src/system/hamobj/FilterVersion.cpp
1	593	src/system/hamobj/HamCharacter.cpp
1	239	src/system/hamobj/HamGameData.cpp
1	256	src/system/hamobj/HamIconMan.cpp
1	395	src/system/hamobj/HamLabel.cpp
1	229	src/system/hamobj/HamList.cpp
1	300	src/system/hamobj/HamPhotoDisplay.cpp
1	301	src/system/hamobj/HamPhraseMeter.cpp
1	44	src/system/hamobj/HamProviderPrinter.cpp
1	296	src/system/hamobj/HamScrollSpeedIndicator.cpp
1	318	src/system/hamobj/HollaBackMinigame.cpp
1	304	src/system/hamobj/MiniLeaderboardDisplay.cpp
1	122	src/system/hamobj/MocapSkeletonIterator.cpp
1	122	src/system/hamobj/PracticeOptionsProvider.cpp
1	296	src/system/hamobj/PracticeSection.cpp
1	284	src/system/hamobj/SongDifficultyDisplay.cpp
1	287	src/system/hamobj/StarsDisplay.cpp
1	160	src/system/meta/MemcardMgr_Xbox.cpp
1	563	src/system/meta/SongMgr.cpp
1	81	src/system/meta/StreamPlayer.cpp
1	27	src/system/midi/DisplayEvents.cpp
1	5	src/system/movie/MovieImpl.cpp
1	5	src/system/moviebink/BinkMovieImpl_Xbox.cpp
1	200	src/system/net/DingoSvr.cpp
1	117	src/system/net/HttpGet.cpp
1	219	src/system/obj/DataFile.cpp
1	147	src/system/obj/DataUtl.cpp
1	32	src/system/obj/TextFile.cpp
1	317	src/system/os/HolmesClient.cpp
1	14	src/system/os/MapFile_Xbox.cpp
1	154	src/system/os/Memcard_Xbox.cpp
1	23	src/system/os/NetStream.cpp
1	340	src/system/os/PlatformMgr_Xbox.cpp
1	107	src/system/rnddx9/Cam.cpp
1	155	src/system/rnddx9/Movie.cpp
1	201	src/system/rnddx9/MultiMesh.cpp
1	279	src/system/rndobj/Anim.cpp
1	299	src/system/rndobj/Cam.cpp
1	202	src/system/rndobj/Console.cpp
1	133	src/system/rndobj/CubeTex.cpp
1	365	src/system/rndobj/Env.cpp
1	452	src/system/rndobj/Gen.cpp
1	343	src/system/rndobj/LitAnim.cpp
1	121	src/system/rndobj/Overlay.cpp
1	732	src/system/rndobj/Part.cpp
1	31	src/system/rndobj/Poll.cpp
1	240	src/system/rndobj/PostProc.cpp
1	1033	src/system/rndobj/PropKeys.cpp
1	203	src/system/rndobj/SoftParticles.cpp
1	182	src/system/rndobj/Tex.cpp
1	145	src/system/rndobj/VelocityBuffer.cpp
1	276	src/system/synth/Emitter.cpp
1	194	src/system/synth/SampleInst.cpp
1	424	src/system/synth/Sound.cpp
1	214	src/system/synth/SynthSample.cpp
1	380	src/system/synth_xbox/Mic.cpp
1	581	src/system/synth_xbox/Synth.cpp
1	9	src/system/synth_xbox/soundtouch/source/SoundTouch/BPMDetect.cpp
1	288	src/system/ui/LabelNumberTicker.cpp
1	317	src/system/ui/LabelShrinkWrapper.cpp
1	300	src/system/ui/UIButton.cpp
1	253	src/system/ui/UIComponent.cpp
1	872	src/system/ui/UIList.cpp
1	162	src/system/ui/UIPanel.cpp
1	280	src/system/ui/UIPicture.cpp
1	326	src/system/ui/UISlider.cpp
1	98	src/system/ui/UITransitionHandler.cpp
1	180	src/system/utl/BinStream.cpp
1	74	src/system/utl/BinkIntegration.cpp
1	31	src/system/utl/FileStream.cpp
1	182	src/system/utl/Loader.cpp
1	56	src/system/utl/MemTrack.cpp
1	54	src/system/utl/OSCMessenger.cpp
1	158	src/system/world/Crowd3DCharHandle.cpp
1	168	src/system/world/LightHue.cpp
1	208	src/system/world/PhysicsManager.cpp
1	120	src/system/world/PostProcer.cpp
1	333	src/system/world/Reflection.cpp
1	119	src/system/world/SpotlightEnder.cpp
1	258	src/system/world/ThreeDSoundManager.cpp
