# c2rs gap --factors-tsv — per-TU Phase 7 factor membership (docs/ROADMAP.md §10.19/§10.21, boards #160/#179)
# columns: src<TAB>class<TAB>A<TAB>B<TAB>C<TAB>D<TAB>E<TAB>letters
#   A `.ex` segments == obj `.text` COMDATs (gate-anchored `4F 1F`)
#   B every emitted symbol binds
#   C obj section set subset of the port writer's section names
#   D every emitted COMDAT in the port's per-function codegen class
#   E a REGISTERED whole-TU recognizer accepts this bundle
# A byte-exact obj requires A and B and C and (D or E).
# ROWS ARE THE GRADED TUs ONLY. A `capture-fail` TU has no obj and no
# census, so it is NOT a row here — it was never measured, which is a
# different fact from every factor being false. Do not read its absence
# as a zero row.
# graded-rows 871
src/App.cpp	vocab-gap	0	0	0	0	0	-----
src/ChecksumData_xbox.cpp	vocab-gap	0	1	1	0	0	-BC--
src/Main.cpp	vocab-gap	1	1	1	0	0	ABC--
src/Memory_Xbox.cpp	vocab-gap	0	1	1	0	0	-BC--
src/keygen_xbox.cpp	vocab-gap	1	1	1	0	0	ABC--
src/lazer/game/BustAMovePanel.cpp	vocab-gap	0	0	0	0	0	-----
src/lazer/game/Game.cpp	vocab-gap	0	0	0	0	0	-----
src/lazer/game/GameMode.cpp	vocab-gap	0	0	0	0	0	-----
src/lazer/game/GamePanel.cpp	vocab-gap	0	0	0	0	0	-----
src/lazer/game/HamUser.cpp	vocab-gap	0	0	0	0	0	-----
src/lazer/game/HamUserMgr.cpp	vocab-gap	0	1	0	0	0	-B---
src/lazer/game/LiveInput.cpp	vocab-gap	0	1	0	0	0	-B---
src/lazer/game/PartyModeMgr.cpp	vocab-gap	0	0	0	0	0	-----
src/lazer/game/PresenceMgr.cpp	vocab-gap	0	0	0	0	0	-----
src/lazer/game/Shuttle.cpp	vocab-gap	0	1	1	0	0	-BC--
src/lazer/game/SongDB.cpp	vocab-gap	0	1	1	0	0	-BC--
src/lazer/game/SongSequence.cpp	vocab-gap	0	0	0	0	0	-----
src/lazer/meta_ham/Accomplishment.cpp	vocab-gap	0	1	0	0	0	-B---
src/lazer/meta_ham/AccomplishmentCampaignConditional.cpp	vocab-gap	0	1	0	0	0	-B---
src/lazer/meta_ham/AccomplishmentCategory.cpp	vocab-gap	0	1	0	0	0	-B---
src/lazer/meta_ham/AccomplishmentCharacterListConditional.cpp	vocab-gap	0	0	0	0	0	-----
src/lazer/meta_ham/AccomplishmentConditional.cpp	vocab-gap	0	1	0	0	0	-B---
src/lazer/meta_ham/AccomplishmentCountConditional.cpp	vocab-gap	0	1	0	0	0	-B---
src/lazer/meta_ham/AccomplishmentDiscSongConditional.cpp	vocab-gap	0	1	0	0	0	-B---
src/lazer/meta_ham/AccomplishmentGroup.cpp	vocab-gap	0	1	0	0	0	-B---
src/lazer/meta_ham/AccomplishmentManager.cpp	vocab-gap	0	0	0	0	0	-----
src/lazer/meta_ham/AccomplishmentOneShot.cpp	vocab-gap	0	1	0	0	0	-B---
src/lazer/meta_ham/AccomplishmentProgress.cpp	vocab-gap	0	0	0	0	0	-----
src/lazer/meta_ham/AccomplishmentSongConditional.cpp	vocab-gap	0	1	0	0	0	-B---
src/lazer/meta_ham/AccomplishmentSongListConditional.cpp	vocab-gap	0	1	0	0	0	-B---
src/lazer/meta_ham/AppLabel.cpp	vocab-gap	0	0	0	0	0	-----
src/lazer/meta_ham/AppMiniLeaderboardDisplay.cpp	vocab-gap	0	0	0	0	0	-----
src/lazer/meta_ham/AppNavProvider.cpp	vocab-gap	0	0	0	0	0	-----
src/lazer/meta_ham/Award.cpp	vocab-gap	0	1	0	0	0	-B---
src/lazer/meta_ham/BlacklightPanel.cpp	vocab-gap	0	0	0	0	0	-----
src/lazer/meta_ham/CalibrationPanel.cpp	vocab-gap	0	0	0	0	0	-----
src/lazer/meta_ham/Campaign.cpp	vocab-gap	0	0	0	0	0	-----
src/lazer/meta_ham/CampaignDiffSelectPanel.cpp	vocab-gap	0	0	0	0	0	-----
src/lazer/meta_ham/CampaignEra.cpp	vocab-gap	0	1	0	0	0	-B---
src/lazer/meta_ham/CampaignMasterQuestCrewSelectPanel.cpp	vocab-gap	0	0	0	0	0	-----
src/lazer/meta_ham/CampaignMasterQuestSongSelectPanel.cpp	vocab-gap	0	0	0	0	0	-----
src/lazer/meta_ham/CampaignPerformer.cpp	vocab-gap	0	0	0	0	0	-----
src/lazer/meta_ham/CampaignProgress.cpp	vocab-gap	0	1	0	0	0	-B---
src/lazer/meta_ham/CampaignSongSelectPanel.cpp	vocab-gap	0	0	0	0	0	-----
src/lazer/meta_ham/ChallengeRecord.cpp	vocab-gap	0	0	0	0	0	-----
src/lazer/meta_ham/ChallengeResultPanel.cpp	vocab-gap	0	0	0	0	0	-----
src/lazer/meta_ham/ChallengeSort.cpp	vocab-gap	0	0	0	0	0	-----
src/lazer/meta_ham/ChallengeSortByScore.cpp	vocab-gap	0	0	0	0	0	-----
src/lazer/meta_ham/ChallengeSortMgr.cpp	vocab-gap	0	0	0	0	0	-----
src/lazer/meta_ham/ChallengeSortNode.cpp	vocab-gap	0	0	0	0	0	-----
src/lazer/meta_ham/Challenges.cpp	vocab-gap	0	0	0	0	0	-----
src/lazer/meta_ham/CharacterProvider.cpp	vocab-gap	0	0	0	0	0	-----
src/lazer/meta_ham/ChooseModeProvider.cpp	vocab-gap	0	0	0	0	0	-----
src/lazer/meta_ham/ChooseProfilePanel.cpp	vocab-gap	0	0	0	0	0	-----
src/lazer/meta_ham/ContentLoadingPanel.cpp	vocab-gap	0	0	0	0	0	-----
src/lazer/meta_ham/ContextChecker.cpp	vocab-gap	0	0	0	0	0	-----
src/lazer/meta_ham/CorrectIdentityPanel.cpp	vocab-gap	0	0	1	0	0	--C--
src/lazer/meta_ham/CrewProvider.cpp	vocab-gap	0	0	0	0	0	-----
src/lazer/meta_ham/CursorPanel.cpp	vocab-gap	0	0	0	0	0	-----
src/lazer/meta_ham/DepthBuffer.cpp	vocab-gap	0	1	0	0	0	-B---
src/lazer/meta_ham/DifficultyProvider.cpp	vocab-gap	0	0	0	0	0	-----
src/lazer/meta_ham/EventDialogPanel.cpp	vocab-gap	0	0	0	0	0	-----
src/lazer/meta_ham/FitnessCalorieSort.cpp	vocab-gap	0	0	0	0	0	-----
src/lazer/meta_ham/FitnessCalorieSortByCalorie.cpp	vocab-gap	0	0	0	0	0	-----
src/lazer/meta_ham/FitnessCalorieSortMgr.cpp	vocab-gap	0	0	0	0	0	-----
src/lazer/meta_ham/FitnessCalorieSortNode.cpp	vocab-gap	0	0	0	0	0	-----
src/lazer/meta_ham/FitnessGoalMgr.cpp	vocab-gap	0	0	0	0	0	-----
src/lazer/meta_ham/FitnessProvider.cpp	vocab-gap	0	0	0	0	0	-----
src/lazer/meta_ham/HamMemcardAction.cpp	vocab-gap	0	1	0	0	0	-B---
src/lazer/meta_ham/HamPanel.cpp	vocab-gap	0	0	0	0	0	-----
src/lazer/meta_ham/HamProfile.cpp	vocab-gap	0	0	0	0	0	-----
src/lazer/meta_ham/HamScreen.cpp	vocab-gap	0	1	0	0	0	-B---
src/lazer/meta_ham/HamSongMetadata.cpp	vocab-gap	0	1	0	0	0	-B---
src/lazer/meta_ham/HamSongMgr.cpp	vocab-gap	0	0	0	0	0	-----
src/lazer/meta_ham/HamStarsDisplay.cpp	vocab-gap	0	0	1	0	0	--C--
src/lazer/meta_ham/HamStoreFilterProvider.cpp	vocab-gap	0	0	0	0	0	-----
src/lazer/meta_ham/HamStoreOffer.cpp	vocab-gap	0	1	0	0	0	-B---
src/lazer/meta_ham/HamStorePanel.cpp	vocab-gap	0	0	0	0	0	-----
src/lazer/meta_ham/HamStoreProvider.cpp	vocab-gap	0	0	0	0	0	-----
src/lazer/meta_ham/HamUI.cpp	vocab-gap	0	0	0	0	0	-----
src/lazer/meta_ham/HelpBarPanel.cpp	vocab-gap	0	0	0	0	0	-----
src/lazer/meta_ham/Instarank.cpp	vocab-gap	0	1	1	0	0	-BC--
src/lazer/meta_ham/KinectSharePanel.cpp	vocab-gap	0	0	0	0	0	-----
src/lazer/meta_ham/Leaderboards.cpp	vocab-gap	0	0	0	0	0	-----
src/lazer/meta_ham/LetterboxPanel.cpp	vocab-gap	0	0	0	0	0	-----
src/lazer/meta_ham/LoadingPanel.cpp	vocab-gap	0	0	0	0	0	-----
src/lazer/meta_ham/LockedContentPanel.cpp	vocab-gap	0	0	0	0	0	-----
src/lazer/meta_ham/MQSongSort.cpp	vocab-gap	0	0	0	0	0	-----
src/lazer/meta_ham/MQSongSortByCharacter.cpp	vocab-gap	0	0	0	0	0	-----
src/lazer/meta_ham/MQSongSortMgr.cpp	vocab-gap	0	0	0	0	0	-----
src/lazer/meta_ham/MQSongSortNode.cpp	vocab-gap	0	0	0	0	0	-----
src/lazer/meta_ham/MainMenuPanel.cpp	vocab-gap	0	0	0	0	0	-----
src/lazer/meta_ham/MainMenuProvider.cpp	vocab-gap	0	0	0	0	0	-----
src/lazer/meta_ham/MetaPanel.cpp	vocab-gap	0	0	0	0	0	-----
src/lazer/meta_ham/MetaPerformer.cpp	vocab-gap	0	0	0	0	0	-----
src/lazer/meta_ham/MetagameRank.cpp	vocab-gap	0	0	0	0	0	-----
src/lazer/meta_ham/MetagameStats.cpp	vocab-gap	0	0	0	0	0	-----
src/lazer/meta_ham/MoveRatingHistory.cpp	vocab-gap	0	1	1	0	0	-BC--
src/lazer/meta_ham/MovieProvider.cpp	vocab-gap	0	0	0	0	0	-----
src/lazer/meta_ham/MultiUserGesturePanel.cpp	vocab-gap	0	0	0	0	0	-----
src/lazer/meta_ham/NavListNode.cpp	vocab-gap	0	1	0	0	0	-B---
src/lazer/meta_ham/NavListSort.cpp	vocab-gap	0	0	0	0	0	-----
src/lazer/meta_ham/NavListSortMgr.cpp	vocab-gap	0	0	0	0	0	-----
src/lazer/meta_ham/OptionsPanel.cpp	vocab-gap	0	0	0	0	0	-----
src/lazer/meta_ham/OutfitProvider.cpp	vocab-gap	0	0	0	0	0	-----
src/lazer/meta_ham/OverlayPanel.cpp	vocab-gap	0	0	0	0	0	-----
src/lazer/meta_ham/Overshell.cpp	vocab-gap	0	0	0	0	0	-----
src/lazer/meta_ham/PassiveMessagesPanel.cpp	vocab-gap	0	0	0	0	0	-----
src/lazer/meta_ham/PassiveMessenger.cpp	vocab-gap	0	0	0	0	0	-----
src/lazer/meta_ham/Playlist.cpp	vocab-gap	0	0	0	0	0	-----
src/lazer/meta_ham/PlaylistSongProvider.cpp	vocab-gap	0	0	0	0	0	-----
src/lazer/meta_ham/PlaylistSort.cpp	vocab-gap	0	0	0	0	0	-----
src/lazer/meta_ham/PlaylistSortByTypeCmp.cpp	vocab-gap	0	0	0	0	0	-----
src/lazer/meta_ham/PlaylistSortMgr.cpp	vocab-gap	0	0	0	0	0	-----
src/lazer/meta_ham/PlaylistSortNode.cpp	vocab-gap	0	0	0	0	0	-----
src/lazer/meta_ham/PracticeChoosePanel.cpp	vocab-gap	0	0	0	0	0	-----
src/lazer/meta_ham/ProfileMgr.cpp	vocab-gap	0	0	0	0	0	-----
src/lazer/meta_ham/SaveLoadManager.cpp	vocab-gap	0	0	0	0	0	-----
src/lazer/meta_ham/ShellInput.cpp	vocab-gap	0	0	0	0	0	-----
src/lazer/meta_ham/SigninScreen.cpp	vocab-gap	0	0	0	0	0	-----
src/lazer/meta_ham/SingleUserCrewSelectPanel.cpp	vocab-gap	0	0	0	0	0	-----
src/lazer/meta_ham/SkeletonChooser.cpp	vocab-gap	0	0	0	0	0	-----
src/lazer/meta_ham/SkeletonIdentifier.cpp	vocab-gap	0	0	0	0	0	-----
src/lazer/meta_ham/SkillsAwardList.cpp	vocab-gap	0	1	1	0	0	-BC--
src/lazer/meta_ham/SongRecord.cpp	vocab-gap	0	1	0	0	0	-B---
src/lazer/meta_ham/SongSelectPanel.cpp	vocab-gap	0	0	0	0	0	-----
src/lazer/meta_ham/SongSelectPlaylistCustomizePanel.cpp	vocab-gap	0	0	0	0	0	-----
src/lazer/meta_ham/SongSelectPlaylistPanel.cpp	vocab-gap	0	0	0	0	0	-----
src/lazer/meta_ham/SongSort.cpp	vocab-gap	0	0	0	0	0	-----
src/lazer/meta_ham/SongSortByDiff.cpp	vocab-gap	0	0	0	0	0	-----
src/lazer/meta_ham/SongSortByLocation.cpp	vocab-gap	0	0	0	0	0	-----
src/lazer/meta_ham/SongSortBySong.cpp	vocab-gap	0	0	0	0	0	-----
src/lazer/meta_ham/SongSortMgr.cpp	vocab-gap	0	0	0	0	0	-----
src/lazer/meta_ham/SongSortNode.cpp	vocab-gap	0	0	0	0	0	-----
src/lazer/meta_ham/SongStatusMgr.cpp	vocab-gap	0	0	0	0	0	-----
src/lazer/meta_ham/TexLoadPanel.cpp	vocab-gap	0	0	0	0	0	-----
src/lazer/meta_ham/TitleProvider.cpp	vocab-gap	0	0	0	0	0	-----
src/lazer/meta_ham/UIEventMgr.cpp	vocab-gap	0	0	0	0	0	-----
src/lazer/meta_ham/Utl.cpp	vocab-gap	0	1	1	0	0	-BC--
src/lazer/meta_ham/VenueProvider.cpp	vocab-gap	0	0	0	0	0	-----
src/lazer/meta_ham/VoiceControlPanel.cpp	vocab-gap	0	0	0	0	0	-----
src/lazer/meta_ham/VoiceInputPanel.cpp	vocab-gap	0	0	0	0	0	-----
src/lazer/meta_ham/WeightInput.cpp	vocab-gap	0	0	0	0	0	-----
src/lazer/net_ham/ChallengeSystemJobs.cpp	vocab-gap	0	0	0	0	0	-----
src/lazer/net_ham/DataMinerJobs.cpp	vocab-gap	0	0	0	0	0	-----
src/lazer/net_ham/FitnessGoalJobs.cpp	vocab-gap	0	0	0	0	0	-----
src/lazer/net_ham/FriendsListJobs.cpp	vocab-gap	0	0	0	0	0	-----
src/lazer/net_ham/HamStoreCartJobs.cpp	vocab-gap	0	0	0	0	0	-----
src/lazer/net_ham/KinectShare.cpp	vocab-gap	0	1	0	0	0	-B---
src/lazer/net_ham/KinectShareJobs.cpp	vocab-gap	0	1	0	0	0	-B---
src/lazer/net_ham/LeaderboardJobs.cpp	vocab-gap	0	0	0	0	0	-----
src/lazer/net_ham/MotdJobs.cpp	vocab-gap	0	1	0	0	0	-B---
src/lazer/net_ham/PartyModeJobs.cpp	vocab-gap	0	1	0	0	0	-B---
src/lazer/net_ham/PlaylistJobs.cpp	vocab-gap	0	0	0	0	0	-----
src/lazer/net_ham/RCJobDingo.cpp	vocab-gap	0	0	0	0	0	-----
src/lazer/net_ham/RockCentral.cpp	vocab-gap	0	0	0	0	0	-----
src/lazer/net_ham/ScoreJobs.cpp	vocab-gap	0	0	0	0	0	-----
src/lazer/net_ham/TokenJobs.cpp	vocab-gap	0	0	0	0	0	-----
src/lazer/net_ham/WebLinkJobs.cpp	vocab-gap	0	1	0	0	0	-B---
src/link_glue.cpp	vocab-gap	0	1	1	0	0	-BC--
src/system/char/Char.cpp	vocab-gap	0	0	0	0	0	-----
src/system/char/CharBlendBone.cpp	vocab-gap	0	0	0	0	0	-----
src/system/char/CharBone.cpp	vocab-gap	0	0	0	0	0	-----
src/system/char/CharBoneDir.cpp	vocab-gap	0	0	0	0	0	-----
src/system/char/CharBoneOffset.cpp	vocab-gap	0	0	0	0	0	-----
src/system/char/CharBoneTwist.cpp	vocab-gap	0	0	0	0	0	-----
src/system/char/CharBones.cpp	vocab-gap	0	0	0	0	0	-----
src/system/char/CharBonesBlender.cpp	vocab-gap	0	0	0	0	0	-----
src/system/char/CharBonesMeshes.cpp	vocab-gap	0	0	0	0	0	-----
src/system/char/CharBonesSamples.cpp	vocab-gap	0	0	0	0	0	-----
src/system/char/CharClip.cpp	vocab-gap	0	0	0	0	0	-----
src/system/char/CharClipDisplay.cpp	vocab-gap	0	1	1	0	0	-BC--
src/system/char/CharClipDriver.cpp	vocab-gap	0	0	0	0	0	-----
src/system/char/CharClipGroup.cpp	vocab-gap	0	0	0	0	0	-----
src/system/char/CharClipSet.cpp	vocab-gap	0	0	0	0	0	-----
src/system/char/CharCollide.cpp	vocab-gap	0	0	0	0	0	-----
src/system/char/CharCuff.cpp	vocab-gap	0	0	0	0	0	-----
src/system/char/CharDriver.cpp	vocab-gap	0	0	0	0	0	-----
src/system/char/CharDriverMidi.cpp	vocab-gap	0	0	0	0	0	-----
src/system/char/CharEyeDartRuleset.cpp	vocab-gap	0	1	0	0	0	-B---
src/system/char/CharEyes.cpp	vocab-gap	0	0	0	0	0	-----
src/system/char/CharFaceServo.cpp	vocab-gap	0	0	0	0	0	-----
src/system/char/CharForeTwist.cpp	vocab-gap	0	0	0	0	0	-----
src/system/char/CharGuitarString.cpp	vocab-gap	0	0	0	0	0	-----
src/system/char/CharHair.cpp	vocab-gap	0	0	0	0	0	-----
src/system/char/CharIKFingers.cpp	vocab-gap	0	0	0	0	0	-----
src/system/char/CharIKFoot.cpp	vocab-gap	0	0	0	0	0	-----
src/system/char/CharIKHand.cpp	vocab-gap	0	0	0	0	0	-----
src/system/char/CharIKHead.cpp	vocab-gap	0	0	0	0	0	-----
src/system/char/CharIKMidi.cpp	vocab-gap	0	0	0	0	0	-----
src/system/char/CharIKRod.cpp	vocab-gap	0	0	0	0	0	-----
src/system/char/CharIKScale.cpp	vocab-gap	0	0	0	0	0	-----
src/system/char/CharIKSliderMidi.cpp	vocab-gap	0	0	0	0	0	-----
src/system/char/CharInterest.cpp	vocab-gap	0	0	0	0	0	-----
src/system/char/CharLipSync.cpp	vocab-gap	0	0	0	0	0	-----
src/system/char/CharLipSyncDriver.cpp	vocab-gap	0	0	0	0	0	-----
src/system/char/CharLookAt.cpp	vocab-gap	0	0	0	0	0	-----
src/system/char/CharMeshHide.cpp	vocab-gap	0	1	0	0	0	-B---
src/system/char/CharMirror.cpp	vocab-gap	0	0	0	0	0	-----
src/system/char/CharNeckTwist.cpp	vocab-gap	0	0	0	0	0	-----
src/system/char/CharPollGroup.cpp	vocab-gap	0	0	0	0	0	-----
src/system/char/CharPosConstraint.cpp	vocab-gap	0	0	0	0	0	-----
src/system/char/CharServoBone.cpp	vocab-gap	0	0	0	0	0	-----
src/system/char/CharSignalApplier.cpp	vocab-gap	0	0	0	0	0	-----
src/system/char/CharSleeve.cpp	vocab-gap	0	0	0	0	0	-----
src/system/char/CharTaskMgr.cpp	vocab-gap	0	1	1	0	0	-BC--
src/system/char/CharTransDraw.cpp	vocab-gap	0	0	0	0	0	-----
src/system/char/CharUpperTwist.cpp	vocab-gap	0	0	0	0	0	-----
src/system/char/CharUtl.cpp	vocab-gap	0	0	0	0	0	-----
src/system/char/CharWeightSetter.cpp	vocab-gap	0	0	0	0	0	-----
src/system/char/CharWeightable.cpp	vocab-gap	0	0	0	0	0	-----
src/system/char/Character.cpp	vocab-gap	0	0	0	0	0	-----
src/system/char/CharacterTest.cpp	vocab-gap	0	0	0	0	0	-----
src/system/char/ClipCollide.cpp	vocab-gap	0	0	0	0	0	-----
src/system/char/ClipDistMap.cpp	vocab-gap	0	0	1	0	0	--C--
src/system/char/ClipGraphGen.cpp	vocab-gap	0	1	0	0	0	-B---
src/system/char/FileMerger.cpp	vocab-gap	0	0	0	0	0	-----
src/system/char/FileMergerOrganizer.cpp	vocab-gap	0	0	0	0	0	-----
src/system/char/Waypoint.cpp	vocab-gap	0	0	0	0	0	-----
src/system/decomp_pch.cpp	vocab-gap	0	1	1	1	0	-BCD-
src/system/dsp/BitCrushEffect.cpp	vocab-gap	0	1	1	0	0	-BC--
src/system/dsp/Common_Xbox.cpp	vocab-gap	0	1	1	0	0	-BC--
src/system/dsp/DelayEffect.cpp	vocab-gap	0	1	1	0	0	-BC--
src/system/dsp/DistortionEffect.cpp	vocab-gap	0	1	1	0	0	-BC--
src/system/dsp/EQEffect.cpp	vocab-gap	0	1	1	0	0	-BC--
src/system/dsp/FlangerEffect.cpp	vocab-gap	0	1	1	0	0	-BC--
src/system/dsp/WahEffect.cpp	vocab-gap	0	1	1	0	0	-BC--
src/system/flow/DrivenPropertyEntry.cpp	vocab-gap	0	1	0	0	0	-B---
src/system/flow/DrivenPropertyMathOps.cpp	vocab-gap	0	0	0	0	0	-----
src/system/flow/Flow.cpp	vocab-gap	0	0	0	0	0	-----
src/system/flow/FlowAnimate.cpp	vocab-gap	0	0	0	0	0	-----
src/system/flow/FlowCommand.cpp	vocab-gap	0	0	0	0	0	-----
src/system/flow/FlowDistance.cpp	vocab-gap	0	0	0	0	0	-----
src/system/flow/FlowEventListener.cpp	vocab-gap	0	0	0	0	0	-----
src/system/flow/FlowIf.cpp	vocab-gap	0	0	0	0	0	-----
src/system/flow/FlowLabel.cpp	vocab-gap	0	0	0	0	0	-----
src/system/flow/FlowManager.cpp	vocab-gap	0	1	0	0	0	-B---
src/system/flow/FlowMultiSetProperty.cpp	vocab-gap	0	0	0	0	0	-----
src/system/flow/FlowNode.cpp	vocab-gap	0	0	0	0	0	-----
src/system/flow/FlowOnStop.cpp	vocab-gap	0	0	0	0	0	-----
src/system/flow/FlowOutPort.cpp	vocab-gap	0	0	0	0	0	-----
src/system/flow/FlowPickOne.cpp	vocab-gap	0	0	0	0	0	-----
src/system/flow/FlowPtr.cpp	vocab-gap	0	1	1	0	0	-BC--
src/system/flow/FlowQueueable.cpp	vocab-gap	0	0	0	0	0	-----
src/system/flow/FlowRun.cpp	vocab-gap	0	0	0	0	0	-----
src/system/flow/FlowSequence.cpp	vocab-gap	0	0	0	0	0	-----
src/system/flow/FlowSetProperty.cpp	vocab-gap	0	0	0	0	0	-----
src/system/flow/FlowSlider.cpp	vocab-gap	0	0	0	0	0	-----
src/system/flow/FlowSound.cpp	vocab-gap	0	0	0	0	0	-----
src/system/flow/FlowSwitch.cpp	vocab-gap	0	0	0	0	0	-----
src/system/flow/FlowSwitchCase.cpp	vocab-gap	0	0	0	0	0	-----
src/system/flow/FlowTimer.cpp	vocab-gap	0	0	0	0	0	-----
src/system/flow/FlowTrigger.cpp	vocab-gap	0	0	0	0	0	-----
src/system/flow/FlowValueCase.cpp	vocab-gap	0	0	0	0	0	-----
src/system/flow/FlowWhile.cpp	vocab-gap	0	0	0	0	0	-----
src/system/flow/PropertyEventListener.cpp	vocab-gap	0	1	0	0	0	-B---
src/system/flow/PropertyEventProvider.cpp	vocab-gap	0	0	0	0	0	-----
src/system/gesture/ArcDetector.cpp	vocab-gap	0	0	0	0	0	-----
src/system/gesture/ArchiveSkeleton.cpp	vocab-gap	0	1	0	0	0	-B---
src/system/gesture/BaseSkeleton.cpp	vocab-gap	0	1	1	0	0	-BC--
src/system/gesture/CameraInput.cpp	vocab-gap	0	0	0	0	0	-----
src/system/gesture/CameraTilt.cpp	vocab-gap	0	1	0	0	0	-B---
src/system/gesture/DepthBuffer3D.cpp	vocab-gap	0	0	0	0	0	-----
src/system/gesture/DirectionGestureFilter.cpp	vocab-gap	0	1	0	0	0	-B---
src/system/gesture/DrawUtl.cpp	vocab-gap	0	1	1	0	0	-BC--
src/system/gesture/FitnessFilter.cpp	vocab-gap	0	1	0	0	0	-B---
src/system/gesture/FreestyleMotionFilter.cpp	vocab-gap	0	1	0	0	0	-B---
src/system/gesture/Gesture.cpp	vocab-gap	0	1	1	0	0	-BC--
src/system/gesture/GestureMgr.cpp	vocab-gap	0	0	0	0	0	-----
src/system/gesture/HandHeightGestureFilter.cpp	vocab-gap	0	1	0	0	0	-B---
src/system/gesture/HandInvokeGestureFilter.cpp	vocab-gap	0	1	0	0	0	-B---
src/system/gesture/HandRaisedGestureFilter.cpp	vocab-gap	0	1	0	0	0	-B---
src/system/gesture/HandsUpGestureFilter.cpp	vocab-gap	0	1	0	0	0	-B---
src/system/gesture/HighFiveGestureFilter.cpp	vocab-gap	0	1	0	0	0	-B---
src/system/gesture/IdentityInfo.cpp	vocab-gap	0	0	0	0	0	-----
src/system/gesture/JointUtl.cpp	vocab-gap	0	1	1	0	0	-BC--
src/system/gesture/LiveCameraInput.cpp	vocab-gap	0	0	0	0	0	-----
src/system/gesture/NavigationSkeletonDir.cpp	vocab-gap	0	0	0	0	0	-----
src/system/gesture/Skeleton.cpp	vocab-gap	0	1	0	0	0	-B---
src/system/gesture/SkeletonClip.cpp	vocab-gap	0	0	0	0	0	-----
src/system/gesture/SkeletonDir.cpp	vocab-gap	0	0	0	0	0	-----
src/system/gesture/SkeletonExtentTracker.cpp	vocab-gap	0	1	0	0	0	-B---
src/system/gesture/SkeletonHistory.cpp	vocab-gap	0	1	0	0	0	-B---
src/system/gesture/SkeletonQualityFilter.cpp	vocab-gap	0	1	0	0	0	-B---
src/system/gesture/SkeletonRecoverer.cpp	vocab-gap	0	1	0	0	0	-B---
src/system/gesture/SkeletonUpdate.cpp	vocab-gap	0	0	0	0	0	-----
src/system/gesture/SkeletonViz.cpp	vocab-gap	0	0	0	0	0	-----
src/system/gesture/SpeechMgr.cpp	vocab-gap	0	0	0	0	0	-----
src/system/gesture/StandingStillGestureFilter.cpp	vocab-gap	0	1	0	0	0	-B---
src/system/gesture/StreamRecorder.cpp	vocab-gap	0	0	0	0	0	-----
src/system/gesture/StreamRenderer.cpp	vocab-gap	0	0	0	0	0	-----
src/system/gesture/StubCameraInput.cpp	vocab-gap	0	0	0	0	0	-----
src/system/gesture/WaveToTurnOnLight.cpp	vocab-gap	0	0	0	0	0	-----
src/system/hamobj/BustAMoveData.cpp	vocab-gap	0	0	0	0	0	-----
src/system/hamobj/CamShotCatVO.cpp	vocab-gap	0	0	1	0	0	--C--
src/system/hamobj/CharCameraInput.cpp	vocab-gap	0	0	0	0	0	-----
src/system/hamobj/CharFeedback.cpp	vocab-gap	0	0	0	0	0	-----
src/system/hamobj/ClipPlayer.cpp	vocab-gap	0	0	0	0	0	-----
src/system/hamobj/CrazeHollaback.cpp	vocab-gap	0	1	0	0	0	-B---
src/system/hamobj/DanceRemixer.cpp	vocab-gap	0	0	0	0	0	-----
src/system/hamobj/DancerSequence.cpp	vocab-gap	0	0	0	0	0	-----
src/system/hamobj/DancerSkeleton.cpp	vocab-gap	0	1	0	0	0	-B---
src/system/hamobj/DetectFrame.cpp	vocab-gap	0	0	1	0	0	--C--
src/system/hamobj/Difficulty.cpp	vocab-gap	0	1	1	0	0	-BC--
src/system/hamobj/ErrorNode.cpp	vocab-gap	0	1	0	0	0	-B---
src/system/hamobj/FilterQueue.cpp	vocab-gap	0	0	1	0	0	--C--
src/system/hamobj/FilterVersion.cpp	vocab-gap	0	1	0	0	0	-B---
src/system/hamobj/FreestyleMove.cpp	vocab-gap	0	1	0	0	0	-B---
src/system/hamobj/FreestyleMoveRecorder.cpp	vocab-gap	0	0	0	0	0	-----
src/system/hamobj/Ham.cpp	vocab-gap	0	0	0	0	0	-----
src/system/hamobj/HamAudio.cpp	vocab-gap	0	0	0	0	0	-----
src/system/hamobj/HamBattleData.cpp	vocab-gap	0	0	0	0	0	-----
src/system/hamobj/HamCamShot.cpp	vocab-gap	0	0	0	0	0	-----
src/system/hamobj/HamCamTransform.cpp	vocab-gap	0	0	0	0	0	-----
src/system/hamobj/HamCharacter.cpp	vocab-gap	0	0	0	0	0	-----
src/system/hamobj/HamDirector.cpp	vocab-gap	0	0	0	0	0	-----
src/system/hamobj/HamDriver.cpp	vocab-gap	0	0	0	0	0	-----
src/system/hamobj/HamGameData.cpp	vocab-gap	0	0	0	0	0	-----
src/system/hamobj/HamIKEffector.cpp	vocab-gap	0	0	0	0	0	-----
src/system/hamobj/HamIKSkeleton.cpp	vocab-gap	0	0	0	0	0	-----
src/system/hamobj/HamIconMan.cpp	vocab-gap	0	0	0	0	0	-----
src/system/hamobj/HamLabel.cpp	vocab-gap	0	0	0	0	0	-----
src/system/hamobj/HamList.cpp	vocab-gap	0	0	0	0	0	-----
src/system/hamobj/HamListRibbon.cpp	vocab-gap	0	0	0	0	0	-----
src/system/hamobj/HamMaster.cpp	vocab-gap	0	0	0	0	0	-----
src/system/hamobj/HamMove.cpp	vocab-gap	0	0	0	0	0	-----
src/system/hamobj/HamNavList.cpp	vocab-gap	0	0	0	0	0	-----
src/system/hamobj/HamNavProvider.cpp	vocab-gap	0	0	0	0	0	-----
src/system/hamobj/HamPartyJumpData.cpp	vocab-gap	0	1	0	0	0	-B---
src/system/hamobj/HamPhotoDisplay.cpp	vocab-gap	0	0	0	0	0	-----
src/system/hamobj/HamPhraseMeter.cpp	vocab-gap	0	0	0	0	0	-----
src/system/hamobj/HamPlayerData.cpp	vocab-gap	0	0	0	0	0	-----
src/system/hamobj/HamProviderPrinter.cpp	vocab-gap	0	1	0	0	0	-B---
src/system/hamobj/HamRegulate.cpp	vocab-gap	0	0	0	0	0	-----
src/system/hamobj/HamRibbon.cpp	vocab-gap	0	0	0	0	0	-----
src/system/hamobj/HamScrollBehavior.cpp	vocab-gap	0	0	0	0	0	-----
src/system/hamobj/HamScrollSpeedIndicator.cpp	vocab-gap	0	0	0	0	0	-----
src/system/hamobj/HamSkeletonConverter.cpp	vocab-gap	0	0	0	0	0	-----
src/system/hamobj/HamSong.cpp	vocab-gap	0	1	1	0	0	-BC--
src/system/hamobj/HamSongData.cpp	vocab-gap	0	0	0	0	0	-----
src/system/hamobj/HamSupereasyData.cpp	vocab-gap	0	1	0	0	0	-B---
src/system/hamobj/HamVisDir.cpp	vocab-gap	0	0	0	0	0	-----
src/system/hamobj/HamWardrobe.cpp	vocab-gap	0	0	0	0	0	-----
src/system/hamobj/HollaBackMinigame.cpp	vocab-gap	0	0	0	0	0	-----
src/system/hamobj/MeterDisplay.cpp	vocab-gap	0	0	0	0	0	-----
src/system/hamobj/MiniGameMgr.cpp	vocab-gap	0	0	0	0	0	-----
src/system/hamobj/MiniLeaderboardDisplay.cpp	vocab-gap	0	0	0	0	0	-----
src/system/hamobj/MocapSkeletonIterator.cpp	vocab-gap	0	0	0	0	0	-----
src/system/hamobj/MoveAsyncDetector.cpp	vocab-gap	0	0	0	0	0	-----
src/system/hamobj/MoveDir.cpp	vocab-gap	0	0	0	0	0	-----
src/system/hamobj/MoveGraph.cpp	vocab-gap	0	1	0	0	0	-B---
src/system/hamobj/MoveMgr.cpp	vocab-gap	0	0	0	0	0	-----
src/system/hamobj/MoveParent.cpp	vocab-gap	0	1	0	0	0	-B---
src/system/hamobj/MoveVariant.cpp	vocab-gap	0	1	1	0	0	-BC--
src/system/hamobj/OriginalChoreoRemixer.cpp	vocab-gap	0	0	0	0	0	-----
src/system/hamobj/PhotoSpotlightPositioner.cpp	vocab-gap	0	0	0	0	0	-----
src/system/hamobj/Pose.cpp	vocab-gap	0	0	0	0	0	-----
src/system/hamobj/PoseFatalities.cpp	vocab-gap	0	0	0	0	0	-----
src/system/hamobj/PracticeOptionsProvider.cpp	vocab-gap	0	0	0	0	0	-----
src/system/hamobj/PracticeSection.cpp	vocab-gap	0	0	0	0	0	-----
src/system/hamobj/RhythmBattle.cpp	vocab-gap	0	0	0	0	0	-----
src/system/hamobj/RhythmBattlePlayer.cpp	vocab-gap	0	0	0	0	0	-----
src/system/hamobj/RhythmDetector.cpp	vocab-gap	0	0	0	0	0	-----
src/system/hamobj/RhythmDetectorGroup.cpp	vocab-gap	0	0	0	0	0	-----
src/system/hamobj/ScoreUtl.cpp	vocab-gap	0	0	0	0	0	-----
src/system/hamobj/SongCollision.cpp	vocab-gap	0	0	0	0	0	-----
src/system/hamobj/SongDifficultyDisplay.cpp	vocab-gap	0	0	0	0	0	-----
src/system/hamobj/SongLayout.cpp	vocab-gap	0	0	0	0	0	-----
src/system/hamobj/SongUtl.cpp	vocab-gap	0	1	1	0	0	-BC--
src/system/hamobj/StarsDisplay.cpp	vocab-gap	0	0	0	0	0	-----
src/system/hamobj/SuperEasyRemixer.cpp	vocab-gap	0	1	0	0	0	-B---
src/system/hamobj/TransConstraint.cpp	vocab-gap	0	0	0	0	0	-----
src/system/jpeg/Jpeg.cpp	vocab-gap	0	1	1	0	0	-BC--
src/system/math/Color.cpp	vocab-gap	0	1	1	0	0	-BC--
src/system/math/Decibels.cpp	vocab-gap	0	1	1	0	0	-BC--
src/system/math/DoubleExponentialSmoother.cpp	vocab-gap	0	1	1	0	0	-BC--
src/system/math/Easing.cpp	vocab-gap	0	1	1	0	0	-BC--
src/system/math/FileChecksum.cpp	vocab-gap	0	0	0	0	0	-----
src/system/math/Geo.cpp	vocab-gap	0	1	0	0	0	-B---
src/system/math/Interp.cpp	vocab-gap	0	1	0	0	0	-B---
src/system/math/Key.cpp	vocab-gap	0	1	1	0	0	-BC--
src/system/math/Primes.cpp	match	1	1	1	1	0	ABCD-
src/system/math/Rand.cpp	vocab-gap	0	1	1	0	0	-BC--
src/system/math/Rand2.cpp	vocab-gap	0	1	1	0	0	-BC--
src/system/math/Rot.cpp	vocab-gap	0	1	0	0	0	-B---
src/system/math/SHA1.cpp	vocab-gap	0	0	1	0	0	--C--
src/system/math/Sort.cpp	match	1	1	1	1	0	ABCD-
src/system/math/StreamChecksum.cpp	vocab-gap	0	1	1	0	0	-BC--
src/system/math/Trig.cpp	vocab-gap	0	1	1	0	0	-BC--
src/system/math/mtx.cpp	vocab-gap	0	0	1	0	0	--C--
src/system/math/vec.cpp	vocab-gap	0	1	1	1	0	-BCD-
src/system/meta/Achievements.cpp	vocab-gap	0	0	0	0	0	-----
src/system/meta/Achievements_Xbox.cpp	vocab-gap	0	1	1	0	0	-BC--
src/system/meta/ButtonHolder.cpp	vocab-gap	0	0	0	0	0	-----
src/system/meta/ConnectionStatusPanel.cpp	vocab-gap	0	0	0	0	0	-----
src/system/meta/CreditsPanel.cpp	vocab-gap	0	0	0	0	0	-----
src/system/meta/DataArraySongInfo.cpp	vocab-gap	0	1	0	0	0	-B---
src/system/meta/DeJitterPanel.cpp	vocab-gap	0	0	0	0	0	-----
src/system/meta/FixedSizeSaveable.cpp	vocab-gap	0	1	0	0	0	-B---
src/system/meta/FixedSizeSaveableStream.cpp	vocab-gap	0	1	0	0	0	-B---
src/system/meta/HAQManager.cpp	vocab-gap	0	0	0	0	0	-----
src/system/meta/HeldButtonPanel.cpp	vocab-gap	0	0	0	0	0	-----
src/system/meta/Jukebox.cpp	vocab-gap	0	1	0	0	0	-B---
src/system/meta/MemcardAction.cpp	vocab-gap	0	1	0	0	0	-B---
src/system/meta/MemcardMgr.cpp	vocab-gap	0	0	0	0	0	-----
src/system/meta/MemcardMgr_Xbox.cpp	vocab-gap	0	0	0	0	0	-----
src/system/meta/Meta.cpp	vocab-gap	0	1	1	0	0	-BC--
src/system/meta/MetaMusicManager.cpp	vocab-gap	0	1	0	0	0	-B---
src/system/meta/MetaMusicScene.cpp	vocab-gap	0	1	0	0	0	-B---
src/system/meta/MoviePanel.cpp	vocab-gap	0	0	0	0	0	-----
src/system/meta/PreloadPanel.cpp	vocab-gap	0	0	0	0	0	-----
src/system/meta/Profile.cpp	vocab-gap	0	0	0	0	0	-----
src/system/meta/SongMetadata.cpp	vocab-gap	0	1	0	0	0	-B---
src/system/meta/SongMgr.cpp	vocab-gap	0	0	0	0	0	-----
src/system/meta/SongPreview.cpp	vocab-gap	0	0	0	0	0	-----
src/system/meta/Sorting.cpp	vocab-gap	0	1	1	0	0	-BC--
src/system/meta/StoreEnumeration.cpp	vocab-gap	0	0	0	0	0	-----
src/system/meta/StoreOffer.cpp	vocab-gap	0	1	0	0	0	-B---
src/system/meta/StorePanel.cpp	vocab-gap	0	0	0	0	0	-----
src/system/meta/StorePreviewMgr.cpp	vocab-gap	0	0	0	0	0	-----
src/system/meta/StorePurchaser.cpp	vocab-gap	0	0	0	0	0	-----
src/system/meta/StreamPlayer.cpp	vocab-gap	0	1	0	0	0	-B---
src/system/midi/DataEventList.cpp	vocab-gap	0	1	0	0	0	-B---
src/system/midi/DisplayEvents.cpp	vocab-gap	0	1	1	0	0	-BC--
src/system/midi/MidiParser.cpp	vocab-gap	0	0	0	0	0	-----
src/system/midi/MidiParserMgr.cpp	vocab-gap	0	0	0	0	0	-----
src/system/midi/MidiReader.cpp	vocab-gap	0	0	1	0	0	--C--
src/system/midi/MidiReceiver.cpp	vocab-gap	0	1	0	0	0	-B---
src/system/midi/MidiVarLen.cpp	vocab-gap	0	1	1	0	0	-BC--
src/system/movie/Movie.cpp	vocab-gap	0	1	1	0	0	-BC--
src/system/movie/MovieImpl.cpp	vocab-gap	0	1	1	0	0	-BC--
src/system/movie/MovieSys.cpp	vocab-gap	0	1	0	0	0	-B---
src/system/movie/Splash.cpp	vocab-gap	0	1	0	0	0	-B---
src/system/movie/TexMovie.cpp	vocab-gap	0	0	0	0	0	-----
src/system/moviebink/BinkMovieImpl.cpp	vocab-gap	0	0	0	0	0	-----
src/system/moviebink/BinkMovieImpl_Xbox.cpp	vocab-gap	0	1	1	0	0	-BC--
src/system/moviebink/BinkMovieSys.cpp	vocab-gap	0	0	0	0	0	-----
src/system/moviebink/BinkMovieSys_Xbox.cpp	vocab-gap	0	1	1	0	0	-BC--
src/system/negate_test.cpp	match	1	1	1	1	0	ABCD-
src/system/net/DingoAuthJob.cpp	vocab-gap	0	1	0	0	0	-B---
src/system/net/DingoJob.cpp	vocab-gap	0	0	0	0	0	-----
src/system/net/DingoSvr.cpp	vocab-gap	0	1	0	0	0	-B---
src/system/net/DingoSvr_Xbox.cpp	vocab-gap	0	0	0	0	0	-----
src/system/net/HttpGet.cpp	vocab-gap	0	1	0	0	0	-B---
src/system/net/HttpReq.cpp	vocab-gap	0	1	0	0	0	-B---
src/system/net/HttpReqCurl.cpp	vocab-gap	0	1	0	0	0	-B---
src/system/net/JsonMemory.cpp	vocab-gap	0	1	1	0	0	-BC--
src/system/net/JsonUtils.cpp	vocab-gap	0	1	0	0	0	-B---
src/system/net/SessionJobs_Xbox.cpp	vocab-gap	0	1	0	0	0	-B---
src/system/net/WebSvcMgr.cpp	vocab-gap	0	0	0	0	0	-----
src/system/net/WebSvcMgrCurl.cpp	vocab-gap	0	0	0	0	0	-----
src/system/net/WebSvcReq.cpp	vocab-gap	0	0	0	0	0	-----
src/system/net/XLSPConnection.cpp	vocab-gap	0	1	0	0	0	-B---
src/system/obj/DataArray.cpp	vocab-gap	0	0	0	0	0	-----
src/system/obj/DataFile.cpp	vocab-gap	0	0	0	0	0	-----
src/system/obj/DataFunc.cpp	vocab-gap	0	0	0	0	0	-----
src/system/obj/DataNode.cpp	vocab-gap	0	0	0	0	0	-----
src/system/obj/DataUtl.cpp	vocab-gap	0	0	0	0	0	-----
src/system/obj/Dir.cpp	vocab-gap	0	0	0	0	0	-----
src/system/obj/DirLoader.cpp	vocab-gap	0	0	0	0	0	-----
src/system/obj/DirUnloader.cpp	vocab-gap	0	0	0	0	0	-----
src/system/obj/MessageTimer.cpp	vocab-gap	0	0	0	0	0	-----
src/system/obj/Msg.cpp	vocab-gap	0	0	0	0	0	-----
src/system/obj/Object.cpp	vocab-gap	0	0	0	0	0	-----
src/system/obj/PropSync.cpp	vocab-gap	0	1	1	0	0	-BC--
src/system/obj/Task.cpp	vocab-gap	0	0	0	0	0	-----
src/system/obj/TextFile.cpp	vocab-gap	0	0	1	0	0	--C--
src/system/obj/TypeProps.cpp	vocab-gap	0	1	0	0	0	-B---
src/system/obj/Utl.cpp	vocab-gap	0	0	0	0	0	-----
src/system/oggvorbis/VorbisMem.cpp	vocab-gap	0	1	1	0	0	-BC--
src/system/os/AppChild.cpp	vocab-gap	0	1	1	0	0	-BC--
src/system/os/Archive.cpp	vocab-gap	0	1	1	0	0	-BC--
src/system/os/ArkFile.cpp	vocab-gap	0	1	0	0	0	-B---
src/system/os/AsyncFile.cpp	vocab-gap	0	1	0	0	0	-B---
src/system/os/AsyncFileHolmes.cpp	vocab-gap	0	1	0	0	0	-B---
src/system/os/AsyncFile_Win.cpp	vocab-gap	0	1	0	0	0	-B---
src/system/os/AsyncTask.cpp	vocab-gap	0	1	1	0	0	-BC--
src/system/os/BlockMgr.cpp	vocab-gap	0	0	0	0	0	-----
src/system/os/CDReader.cpp	vocab-gap	0	0	0	0	0	-----
src/system/os/ContentMgr.cpp	vocab-gap	0	1	0	0	0	-B---
src/system/os/ContentMgr_Xbox.cpp	vocab-gap	0	0	0	0	0	-----
src/system/os/CritSec.cpp	vocab-gap	0	1	1	0	0	-BC--
src/system/os/DateTime.cpp	vocab-gap	0	1	1	0	0	-BC--
src/system/os/Debug.cpp	vocab-gap	0	0	0	0	0	-----
src/system/os/File.cpp	vocab-gap	0	0	0	0	0	-----
src/system/os/FileCache.cpp	vocab-gap	0	0	0	0	0	-----
src/system/os/File_Win.cpp	vocab-gap	0	1	1	0	0	-BC--
src/system/os/HDCache.cpp	vocab-gap	0	1	0	0	0	-B---
src/system/os/HolmesClient.cpp	vocab-gap	0	0	0	0	0	-----
src/system/os/HolmesClient_NetSocket.cpp	vocab-gap	0	1	1	0	0	-BC--
src/system/os/HolmesKeyboard.cpp	vocab-gap	0	1	0	0	0	-B---
src/system/os/HolmesUtl.cpp	vocab-gap	0	1	1	0	0	-BC--
src/system/os/Joypad.cpp	vocab-gap	0	0	0	0	0	-----
src/system/os/JoypadClient.cpp	vocab-gap	0	0	0	0	0	-----
src/system/os/JoypadMsgs.cpp	vocab-gap	0	1	0	0	0	-B---
src/system/os/Joypad_Xbox.cpp	vocab-gap	0	0	0	0	0	-----
src/system/os/Joypad_Xinput.cpp	vocab-gap	0	0	0	0	0	-----
src/system/os/Keyboard.cpp	vocab-gap	0	0	0	0	0	-----
src/system/os/KeyboardJoypadAdapter.cpp	vocab-gap	0	1	0	0	0	-B---
src/system/os/Keyboard_Xbox.cpp	vocab-gap	0	1	1	0	0	-BC--
src/system/os/MapFile_Xbox.cpp	vocab-gap	0	1	1	0	0	-BC--
src/system/os/Memcard.cpp	vocab-gap	0	1	0	0	0	-B---
src/system/os/Memcard_Xbox.cpp	vocab-gap	0	0	0	0	0	-----
src/system/os/NetStream.cpp	vocab-gap	0	1	0	0	0	-B---
src/system/os/NetworkSocket.cpp	vocab-gap	0	0	1	0	0	--C--
src/system/os/NetworkSocket_Win.cpp	vocab-gap	0	0	0	0	0	-----
src/system/os/OnlineID.cpp	vocab-gap	0	1	1	0	0	-BC--
src/system/os/PlatformMgr.cpp	vocab-gap	0	0	0	0	0	-----
src/system/os/PlatformMgr_Xbox.cpp	vocab-gap	0	0	0	0	0	-----
src/system/os/SynchronizationEvent.cpp	vocab-gap	0	1	1	0	0	-BC--
src/system/os/System.cpp	vocab-gap	0	0	0	0	0	-----
src/system/os/System_Xbox.cpp	vocab-gap	0	1	1	0	0	-BC--
src/system/os/ThreadCall_Win.cpp	vocab-gap	0	0	0	0	0	-----
src/system/os/Timer.cpp	vocab-gap	0	0	0	0	0	-----
src/system/os/UsbMidiGuitar.cpp	vocab-gap	0	0	0	0	0	-----
src/system/os/UsbMidiGuitarMsgs.cpp	vocab-gap	0	1	0	0	0	-B---
src/system/os/UsbMidiKeyboard.cpp	vocab-gap	0	1	0	0	0	-B---
src/system/os/UsbMidiKeyboardMsgs.cpp	vocab-gap	0	1	0	0	0	-B---
src/system/os/User.cpp	vocab-gap	0	0	0	0	0	-----
src/system/os/UserMgr.cpp	vocab-gap	0	1	0	0	0	-B---
src/system/os/VirtualKeyboard.cpp	vocab-gap	0	0	0	0	0	-----
src/system/os/VirtualKeyboard_Xbox.cpp	vocab-gap	0	0	1	0	0	--C--
src/system/rnddx9/Cam.cpp	vocab-gap	0	0	0	0	0	-----
src/system/rnddx9/CubeTex.cpp	vocab-gap	0	1	0	0	0	-B---
src/system/rnddx9/Env.cpp	vocab-gap	0	1	1	0	0	-BC--
src/system/rnddx9/Lit.cpp	vocab-gap	0	0	0	0	0	-----
src/system/rnddx9/Mat.cpp	vocab-gap	0	1	0	0	0	-B---
src/system/rnddx9/Mesh.cpp	vocab-gap	0	0	0	0	0	-----
src/system/rnddx9/Movie.cpp	vocab-gap	0	0	0	0	0	-----
src/system/rnddx9/MultiMesh.cpp	vocab-gap	0	0	0	0	0	-----
src/system/rnddx9/Part.cpp	vocab-gap	0	0	0	0	0	-----
src/system/rnddx9/RenderState.cpp	vocab-gap	0	1	1	0	0	-BC--
src/system/rnddx9/Rnd.cpp	vocab-gap	0	0	0	0	0	-----
src/system/rnddx9/Rnd_Xbox.cpp	vocab-gap	0	0	0	0	0	-----
src/system/rnddx9/ShaderMgr.cpp	vocab-gap	0	0	0	0	0	-----
src/system/rnddx9/Tex.cpp	vocab-gap	0	0	0	0	0	-----
src/system/rnddx9/TexMgr.cpp	vocab-gap	0	0	0	0	0	-----
src/system/rnddx9/Utl.cpp	vocab-gap	0	1	0	0	0	-B---
src/system/rndobj/AmbientOcclusion.cpp	vocab-gap	0	0	0	0	0	-----
src/system/rndobj/Anim.cpp	vocab-gap	0	0	0	0	0	-----
src/system/rndobj/AnimFilter.cpp	vocab-gap	0	0	0	0	0	-----
src/system/rndobj/BaseMaterial.cpp	vocab-gap	0	1	0	0	0	-B---
src/system/rndobj/Bitmap.cpp	vocab-gap	0	1	1	0	0	-BC--
src/system/rndobj/BoxMap.cpp	vocab-gap	0	0	1	0	0	--C--
src/system/rndobj/Cam.cpp	vocab-gap	0	0	0	0	0	-----
src/system/rndobj/CamAnim.cpp	vocab-gap	0	0	0	0	0	-----
src/system/rndobj/ColorXfm.cpp	vocab-gap	0	1	1	0	0	-BC--
src/system/rndobj/Console.cpp	vocab-gap	0	1	0	0	0	-B---
src/system/rndobj/CubeTex.cpp	vocab-gap	0	1	0	0	0	-B---
src/system/rndobj/DOFProc.cpp	vocab-gap	0	1	0	0	0	-B---
src/system/rndobj/DOFProc_NG.cpp	vocab-gap	0	0	0	0	0	-----
src/system/rndobj/Dir.cpp	vocab-gap	0	0	0	0	0	-----
src/system/rndobj/Draw.cpp	vocab-gap	0	0	0	0	0	-----
src/system/rndobj/Enter.cpp	vocab-gap	0	0	1	0	0	--C--
src/system/rndobj/Env.cpp	vocab-gap	0	0	0	0	0	-----
src/system/rndobj/Env_NG.cpp	vocab-gap	0	0	0	0	0	-----
src/system/rndobj/EventTrigger.cpp	vocab-gap	0	0	0	0	0	-----
src/system/rndobj/Flare.cpp	vocab-gap	0	0	0	0	0	-----
src/system/rndobj/Font.cpp	vocab-gap	0	0	0	0	0	-----
src/system/rndobj/Font3d.cpp	vocab-gap	0	1	0	0	0	-B---
src/system/rndobj/FontBase.cpp	vocab-gap	0	0	0	0	0	-----
src/system/rndobj/Fur.cpp	vocab-gap	0	1	0	0	0	-B---
src/system/rndobj/Fur_NG.cpp	vocab-gap	0	1	0	0	0	-B---
src/system/rndobj/Gen.cpp	vocab-gap	0	0	0	0	0	-----
src/system/rndobj/Graph.cpp	vocab-gap	0	0	0	0	0	-----
src/system/rndobj/Group.cpp	vocab-gap	0	0	0	0	0	-----
src/system/rndobj/HiResScreen.cpp	vocab-gap	0	0	0	0	0	-----
src/system/rndobj/Line.cpp	vocab-gap	0	0	0	0	0	-----
src/system/rndobj/Lit.cpp	vocab-gap	0	0	0	0	0	-----
src/system/rndobj/LitAnim.cpp	vocab-gap	0	0	0	0	0	-----
src/system/rndobj/Lit_NG.cpp	vocab-gap	0	0	0	0	0	-----
src/system/rndobj/Mat.cpp	vocab-gap	0	0	0	0	0	-----
src/system/rndobj/MatAnim.cpp	vocab-gap	0	0	0	0	0	-----
src/system/rndobj/Mat_NG.cpp	vocab-gap	0	1	0	0	0	-B---
src/system/rndobj/Mesh.cpp	vocab-gap	0	0	0	0	0	-----
src/system/rndobj/MeshAnim.cpp	vocab-gap	0	0	0	0	0	-----
src/system/rndobj/MeshDeform.cpp	vocab-gap	0	1	0	0	0	-B---
src/system/rndobj/MetaMaterial.cpp	vocab-gap	0	0	0	0	0	-----
src/system/rndobj/Morph.cpp	vocab-gap	0	0	0	0	0	-----
src/system/rndobj/MotionBlur.cpp	vocab-gap	0	0	0	0	0	-----
src/system/rndobj/Movie.cpp	vocab-gap	0	0	0	0	0	-----
src/system/rndobj/MultiMesh.cpp	vocab-gap	0	0	0	0	0	-----
src/system/rndobj/MultiMeshProxy.cpp	vocab-gap	0	0	0	0	0	-----
src/system/rndobj/Overlay.cpp	vocab-gap	0	0	0	0	0	-----
src/system/rndobj/Part.cpp	vocab-gap	0	0	0	0	0	-----
src/system/rndobj/PartAnim.cpp	vocab-gap	0	0	0	0	0	-----
src/system/rndobj/PartLauncher.cpp	vocab-gap	0	0	0	0	0	-----
src/system/rndobj/Poll.cpp	vocab-gap	0	0	0	0	0	-----
src/system/rndobj/PollAnim.cpp	vocab-gap	0	0	0	0	0	-----
src/system/rndobj/PostProc.cpp	vocab-gap	0	0	0	0	0	-----
src/system/rndobj/PostProcMgr.cpp	vocab-gap	0	0	0	0	0	-----
src/system/rndobj/PostProc_NG.cpp	vocab-gap	0	0	0	0	0	-----
src/system/rndobj/PropAnim.cpp	vocab-gap	0	0	0	0	0	-----
src/system/rndobj/PropKeys.cpp	vocab-gap	0	0	0	0	0	-----
src/system/rndobj/Ribbon.cpp	vocab-gap	0	0	0	0	0	-----
src/system/rndobj/Rnd.cpp	vocab-gap	0	0	0	0	0	-----
src/system/rndobj/Rnd_NG.cpp	vocab-gap	0	0	0	0	0	-----
src/system/rndobj/SIVideo.cpp	vocab-gap	0	1	1	0	0	-BC--
src/system/rndobj/ScreenMask.cpp	vocab-gap	0	0	0	0	0	-----
src/system/rndobj/Set.cpp	vocab-gap	0	1	0	0	0	-B---
src/system/rndobj/Shader.cpp	vocab-gap	0	0	0	0	0	-----
src/system/rndobj/ShaderMgr.cpp	vocab-gap	0	0	0	0	0	-----
src/system/rndobj/ShaderOptions.cpp	vocab-gap	0	1	0	0	0	-B---
src/system/rndobj/ShaderProgram.cpp	vocab-gap	0	1	1	0	0	-BC--
src/system/rndobj/ShadowMap.cpp	vocab-gap	0	0	0	0	0	-----
src/system/rndobj/Shockwave.cpp	vocab-gap	0	0	0	0	0	-----
src/system/rndobj/SoftParticleBuffer.cpp	vocab-gap	0	0	0	0	0	-----
src/system/rndobj/SoftParticles.cpp	vocab-gap	0	0	0	0	0	-----
src/system/rndobj/Spline.cpp	vocab-gap	0	0	0	0	0	-----
src/system/rndobj/Tex.cpp	vocab-gap	0	1	0	0	0	-B---
src/system/rndobj/TexBlendController.cpp	vocab-gap	0	1	0	0	0	-B---
src/system/rndobj/TexBlender.cpp	vocab-gap	0	0	0	0	0	-----
src/system/rndobj/TexProc.cpp	vocab-gap	0	0	0	0	0	-----
src/system/rndobj/TexRenderer.cpp	vocab-gap	0	0	0	0	0	-----
src/system/rndobj/Text.cpp	vocab-gap	0	0	0	0	0	-----
src/system/rndobj/Trans.cpp	vocab-gap	0	0	0	0	0	-----
src/system/rndobj/TransAnim.cpp	vocab-gap	0	0	0	0	0	-----
src/system/rndobj/TransProxy.cpp	vocab-gap	0	0	0	0	0	-----
src/system/rndobj/Utl.cpp	vocab-gap	0	0	0	0	0	-----
src/system/rndobj/VelocityBuffer.cpp	vocab-gap	0	0	0	0	0	-----
src/system/rndobj/Watcher.cpp	vocab-gap	0	1	1	0	0	-BC--
src/system/rndobj/Wind.cpp	vocab-gap	0	0	0	0	0	-----
src/system/rndobj/wordwrap.cpp	vocab-gap	1	1	1	0	0	ABC--
src/system/synth/ADSR.cpp	vocab-gap	0	1	0	0	0	-B---
src/system/synth/AudioDucker.cpp	vocab-gap	0	1	0	0	0	-B---
src/system/synth/BinkReader.cpp	vocab-gap	0	1	0	0	0	-B---
src/system/synth/ByteGrinder.cpp	vocab-gap	0	1	1	0	0	-BC--
src/system/synth/CompressionEffect.cpp	vocab-gap	0	1	1	0	0	-BC--
src/system/synth/Emitter.cpp	vocab-gap	0	0	0	0	0	-----
src/system/synth/Faders.cpp	vocab-gap	0	0	0	0	0	-----
src/system/synth/FxSend.cpp	vocab-gap	0	1	0	0	0	-B---
src/system/synth/FxSendBitCrush.cpp	vocab-gap	0	1	0	0	0	-B---
src/system/synth/FxSendChorus.cpp	vocab-gap	0	1	0	0	0	-B---
src/system/synth/FxSendCompress.cpp	vocab-gap	0	1	0	0	0	-B---
src/system/synth/FxSendDelay.cpp	vocab-gap	0	1	0	0	0	-B---
src/system/synth/FxSendDistortion.cpp	vocab-gap	0	1	0	0	0	-B---
src/system/synth/FxSendEQ.cpp	vocab-gap	0	1	0	0	0	-B---
src/system/synth/FxSendFlanger.cpp	vocab-gap	0	1	0	0	0	-B---
src/system/synth/FxSendMeterEffect.cpp	vocab-gap	0	1	0	0	0	-B---
src/system/synth/FxSendPitchShift.cpp	vocab-gap	0	1	0	0	0	-B---
src/system/synth/FxSendReverb.cpp	vocab-gap	0	1	0	0	0	-B---
src/system/synth/FxSendSynapse.cpp	vocab-gap	0	1	0	0	0	-B---
src/system/synth/FxSendWah.cpp	vocab-gap	0	1	0	0	0	-B---
src/system/synth/MetaMusic.cpp	vocab-gap	0	0	0	0	0	-----
src/system/synth/MeterEffectMonitor.cpp	vocab-gap	0	0	0	0	0	-----
src/system/synth/Mic.cpp	vocab-gap	0	1	1	0	0	-BC--
src/system/synth/MicClientMapper.cpp	vocab-gap	0	1	1	0	0	-BC--
src/system/synth/MicNull.cpp	vocab-gap	0	1	0	0	0	-B---
src/system/synth/MidiChannel.cpp	vocab-gap	0	1	1	0	0	-BC--
src/system/synth/MidiInstrument.cpp	vocab-gap	0	0	0	0	0	-----
src/system/synth/MidiSynth.cpp	vocab-gap	0	1	1	0	0	-BC--
src/system/synth/MoggClip.cpp	vocab-gap	0	0	0	0	0	-----
src/system/synth/MoggClipMap.cpp	vocab-gap	0	1	0	0	0	-B---
src/system/synth/OggMap.cpp	vocab-gap	0	1	0	0	0	-B---
src/system/synth/Pollable.cpp	vocab-gap	0	1	0	0	0	-B---
src/system/synth/SampleData.cpp	vocab-gap	0	1	1	0	0	-BC--
src/system/synth/SampleInst.cpp	vocab-gap	0	0	0	0	0	-----
src/system/synth/SampleZone.cpp	vocab-gap	0	1	0	0	0	-B---
src/system/synth/Sequence.cpp	vocab-gap	0	0	0	0	0	-----
src/system/synth/Sfx.cpp	vocab-gap	0	0	0	0	0	-----
src/system/synth/SfxMap.cpp	vocab-gap	0	1	0	0	0	-B---
src/system/synth/Sound.cpp	vocab-gap	0	0	0	0	0	-----
src/system/synth/StandardStream.cpp	vocab-gap	0	0	0	0	0	-----
src/system/synth/Stream.cpp	vocab-gap	0	1	0	0	0	-B---
src/system/synth/StreamNull.cpp	vocab-gap	0	1	0	0	0	-B---
src/system/synth/StreamReceiver.cpp	vocab-gap	0	1	0	0	0	-B---
src/system/synth/StreamReceiverFile.cpp	vocab-gap	0	1	0	0	0	-B---
src/system/synth/Synth.cpp	vocab-gap	0	0	0	0	0	-----
src/system/synth/SynthSample.cpp	vocab-gap	0	0	0	0	0	-----
src/system/synth/ThreeDSound.cpp	vocab-gap	0	0	0	0	0	-----
src/system/synth/Utl.cpp	vocab-gap	0	0	0	0	0	-----
src/system/synth/VorbisReader.cpp	vocab-gap	0	0	0	0	0	-----
src/system/synth/WavMgr.cpp	vocab-gap	0	0	0	0	0	-----
src/system/synth/WavReader.cpp	vocab-gap	0	1	0	0	0	-B---
src/system/synth/complex.cpp	vocab-gap	0	1	1	0	0	-BC--
src/system/synth/filterdesign.cpp	vocab-gap	0	1	1	0	0	-BC--
src/system/synth/tomcrypt/TomCryptLicense.cpp	match	1	1	1	0	1	ABC-E
src/system/synth_xbox/Biquad.cpp	match	1	1	1	1	0	ABCD-
src/system/synth_xbox/EnvelopeGenerator.cpp	vocab-gap	0	0	0	0	0	-----
src/system/synth_xbox/ExternalMic.cpp	vocab-gap	0	1	0	0	0	-B---
src/system/synth_xbox/FFT.cpp	vocab-gap	0	1	1	0	0	-BC--
src/system/synth_xbox/FftIpp.cpp	vocab-gap	0	1	1	0	0	-BC--
src/system/synth_xbox/FilterCoeffs.cpp	vocab-gap	0	1	1	0	0	-BC--
src/system/synth_xbox/FxSend.cpp	vocab-gap	0	0	0	0	0	-----
src/system/synth_xbox/FxSendBitCrush.cpp	vocab-gap	0	0	0	0	0	-----
src/system/synth_xbox/FxSendChorus.cpp	vocab-gap	0	0	0	0	0	-----
src/system/synth_xbox/FxSendCompress.cpp	vocab-gap	0	0	0	0	0	-----
src/system/synth_xbox/FxSendDelay.cpp	vocab-gap	0	0	0	0	0	-----
src/system/synth_xbox/FxSendDistortion.cpp	vocab-gap	0	0	0	0	0	-----
src/system/synth_xbox/FxSendEQ.cpp	vocab-gap	0	0	0	0	0	-----
src/system/synth_xbox/FxSendFlanger.cpp	vocab-gap	0	0	0	0	0	-----
src/system/synth_xbox/FxSendMeterEffect.cpp	vocab-gap	0	0	0	0	0	-----
src/system/synth_xbox/FxSendPitchShift.cpp	vocab-gap	0	0	1	0	0	--C--
src/system/synth_xbox/FxSendReverb.cpp	vocab-gap	0	0	0	0	0	-----
src/system/synth_xbox/FxSendSynapse.cpp	vocab-gap	0	0	1	0	0	--C--
src/system/synth_xbox/FxSendWah.cpp	vocab-gap	0	0	0	0	0	-----
src/system/synth_xbox/GainEffect.cpp	match	1	1	1	1	0	ABCD-
src/system/synth_xbox/GranularSynth.cpp	vocab-gap	0	1	1	0	0	-BC--
src/system/synth_xbox/HeadsetPlaybackEffect.cpp	match	1	1	1	1	0	ABCD-
src/system/synth_xbox/HeadsetXferEffect.cpp	vocab-gap	0	0	0	0	0	-----
src/system/synth_xbox/IPP_basicmath_xbox.cpp	match	1	1	1	1	0	ABCD-
src/system/synth_xbox/MeterEffect.cpp	vocab-gap	1	0	0	0	0	A----
src/system/synth_xbox/Mic.cpp	vocab-gap	0	0	0	0	0	-----
src/system/synth_xbox/PeakDetector.cpp	match	1	1	1	1	0	ABCD-
src/system/synth_xbox/PitchCorrectedVoice.cpp	vocab-gap	0	1	1	0	0	-BC--
src/system/synth_xbox/PitchDetector.cpp	vocab-gap	0	1	1	0	0	-BC--
src/system/synth_xbox/PitchShiftEffect.cpp	vocab-gap	0	0	0	0	0	-----
src/system/synth_xbox/SampleInst360.cpp	vocab-gap	0	0	0	0	0	-----
src/system/synth_xbox/SpectralAnalysis.cpp	vocab-gap	0	1	1	0	0	-BC--
src/system/synth_xbox/StreamReceiver.cpp	vocab-gap	0	1	0	0	0	-B---
src/system/synth_xbox/StreamReceiver360.cpp	vocab-gap	0	1	0	0	0	-B---
src/system/synth_xbox/SynapseAPO.cpp	vocab-gap	0	1	0	0	0	-B---
src/system/synth_xbox/Synapse_dsp.cpp	vocab-gap	0	0	1	0	0	--C--
src/system/synth_xbox/Synth.cpp	vocab-gap	0	0	0	0	0	-----
src/system/synth_xbox/SynthSample.cpp	vocab-gap	0	1	0	0	0	-B---
src/system/synth_xbox/Voice.cpp	vocab-gap	0	0	0	0	0	-----
src/system/synth_xbox/soundtouch/source/SoundStretch/WavFile.cpp	vocab-gap	0	1	0	0	0	-B---
src/system/synth_xbox/soundtouch/source/SoundTouch/AAFilter.cpp	vocab-gap	0	1	1	0	0	-BC--
src/system/synth_xbox/soundtouch/source/SoundTouch/BPMDetect.cpp	vocab-gap	0	1	0	0	0	-B---
src/system/synth_xbox/soundtouch/source/SoundTouch/FIFOSampleBuffer.cpp	vocab-gap	0	1	0	0	0	-B---
src/system/synth_xbox/soundtouch/source/SoundTouch/FIRFilter.cpp	vocab-gap	0	1	0	0	0	-B---
src/system/synth_xbox/soundtouch/source/SoundTouch/PeakFinder.cpp	vocab-gap	0	1	1	0	0	-BC--
src/system/synth_xbox/soundtouch/source/SoundTouch/RateTransposer.cpp	vocab-gap	0	1	0	0	0	-B---
src/system/synth_xbox/soundtouch/source/SoundTouch/SoundTouch.cpp	vocab-gap	0	1	0	0	0	-B---
src/system/synth_xbox/soundtouch/source/SoundTouch/TDStretch.cpp	vocab-gap	0	1	0	0	0	-B---
src/system/synth_xbox/soundtouch/source/SoundTouch/cpu_detect_x86_gcc.cpp	vocab-gap	0	1	1	0	0	-BC--
src/system/synth_xbox/soundtouch/source/SoundTouch/mmx_optimized.cpp	match	1	1	1	1	0	ABCD-
src/system/synth_xbox/soundtouch/source/SoundTouch/sse_optimized.cpp	match	1	1	1	1	0	ABCD-
src/system/ui/CheatProvider.cpp	vocab-gap	0	0	0	0	0	-----
src/system/ui/InlineHelp.cpp	vocab-gap	0	0	0	0	0	-----
src/system/ui/LabelNumberTicker.cpp	vocab-gap	0	0	0	0	0	-----
src/system/ui/LabelShrinkWrapper.cpp	vocab-gap	0	0	0	0	0	-----
src/system/ui/LocalePanel.cpp	vocab-gap	0	0	1	0	0	--C--
src/system/ui/PanelDir.cpp	vocab-gap	0	0	0	0	0	-----
src/system/ui/ResourceDirPtr.cpp	vocab-gap	0	1	1	0	0	-BC--
src/system/ui/Screenshot.cpp	vocab-gap	0	0	0	0	0	-----
src/system/ui/ScrollSelect.cpp	vocab-gap	0	0	0	0	0	-----
src/system/ui/UI.cpp	vocab-gap	0	0	0	0	0	-----
src/system/ui/UIButton.cpp	vocab-gap	0	0	0	0	0	-----
src/system/ui/UIColor.cpp	vocab-gap	0	1	0	0	0	-B---
src/system/ui/UIComponent.cpp	vocab-gap	0	0	0	0	0	-----
src/system/ui/UIFontImporter.cpp	vocab-gap	0	0	0	0	0	-----
src/system/ui/UIGuide.cpp	vocab-gap	0	1	0	0	0	-B---
src/system/ui/UILabel.cpp	vocab-gap	0	0	0	0	0	-----
src/system/ui/UILabelDir.cpp	vocab-gap	0	0	0	0	0	-----
src/system/ui/UIList.cpp	vocab-gap	0	0	0	0	0	-----
src/system/ui/UIListArrow.cpp	vocab-gap	0	0	0	0	0	-----
src/system/ui/UIListCustom.cpp	vocab-gap	0	0	0	0	0	-----
src/system/ui/UIListDir.cpp	vocab-gap	0	0	0	0	0	-----
src/system/ui/UIListHighlight.cpp	vocab-gap	0	0	0	0	0	-----
src/system/ui/UIListLabel.cpp	vocab-gap	0	0	0	0	0	-----
src/system/ui/UIListMesh.cpp	vocab-gap	0	0	0	0	0	-----
src/system/ui/UIListProvider.cpp	vocab-gap	0	0	0	0	0	-----
src/system/ui/UIListSlot.cpp	vocab-gap	0	0	0	0	0	-----
src/system/ui/UIListState.cpp	vocab-gap	0	1	1	0	0	-BC--
src/system/ui/UIListSubList.cpp	vocab-gap	0	0	0	0	0	-----
src/system/ui/UIListWidget.cpp	vocab-gap	0	0	0	0	0	-----
src/system/ui/UIPanel.cpp	vocab-gap	0	0	0	0	0	-----
src/system/ui/UIPicture.cpp	vocab-gap	0	0	0	0	0	-----
src/system/ui/UIScreen.cpp	vocab-gap	0	0	0	0	0	-----
src/system/ui/UISlider.cpp	vocab-gap	0	0	0	0	0	-----
src/system/ui/UITransitionHandler.cpp	vocab-gap	0	1	0	0	0	-B---
src/system/ui/UITrigger.cpp	vocab-gap	0	0	0	0	0	-----
src/system/ui/Utl.cpp	vocab-gap	0	1	1	0	0	-BC--
src/system/utl/AllocInfo.cpp	vocab-gap	0	1	1	0	0	-BC--
src/system/utl/BeatMap.cpp	vocab-gap	0	1	0	0	0	-B---
src/system/utl/BinStream.cpp	vocab-gap	0	0	0	0	0	-----
src/system/utl/BinkIntegration.cpp	vocab-gap	0	0	0	0	0	-----
src/system/utl/BufStream.cpp	vocab-gap	0	1	0	0	0	-B---
src/system/utl/Cache.cpp	vocab-gap	0	1	0	0	0	-B---
src/system/utl/CacheMgr.cpp	vocab-gap	0	1	0	0	0	-B---
src/system/utl/CacheMgr_Xbox.cpp	vocab-gap	0	0	0	0	0	-----
src/system/utl/Cache_Xbox.cpp	vocab-gap	0	0	0	0	0	-----
src/system/utl/Cheats.cpp	vocab-gap	0	0	0	0	0	-----
src/system/utl/ChunkIDs.cpp	vocab-gap	0	1	1	0	0	-BC--
src/system/utl/ChunkStream.cpp	vocab-gap	0	0	0	0	0	-----
src/system/utl/Chunks.cpp	vocab-gap	0	1	0	0	0	-B---
src/system/utl/Compress.cpp	vocab-gap	0	1	1	0	0	-BC--
src/system/utl/Crc.cpp	vocab-gap	0	1	1	0	0	-BC--
src/system/utl/DataPointMgr.cpp	vocab-gap	0	0	0	0	0	-----
src/system/utl/DeJitter.cpp	vocab-gap	0	1	1	0	0	-BC--
src/system/utl/DebugGraph.cpp	vocab-gap	0	1	1	0	0	-BC--
src/system/utl/DebugMeter.cpp	vocab-gap	0	1	1	0	0	-BC--
src/system/utl/EncryptXTEA.cpp	match	1	1	1	1	0	ABCD-
src/system/utl/FakeSongMgr.cpp	vocab-gap	0	1	1	0	0	-BC--
src/system/utl/FilePath.cpp	vocab-gap	0	1	0	0	0	-B---
src/system/utl/FileStream.cpp	vocab-gap	0	1	0	0	0	-B---
src/system/utl/GlitchFinder.cpp	vocab-gap	0	0	0	0	0	-----
src/system/utl/HxGuid.cpp	vocab-gap	0	1	1	0	0	-BC--
src/system/utl/JobMgr.cpp	vocab-gap	0	1	0	0	0	-B---
src/system/utl/JsonEncode.cpp	vocab-gap	0	1	1	0	0	-BC--
src/system/utl/KnownIssues.cpp	vocab-gap	0	0	0	0	0	-----
src/system/utl/Licenses.cpp	vocab-gap	0	1	1	0	0	-BC--
src/system/utl/Loader.cpp	vocab-gap	0	0	0	0	0	-----
src/system/utl/Locale.cpp	vocab-gap	0	0	0	0	0	-----
src/system/utl/LocaleOrdinal.cpp	vocab-gap	0	1	1	0	0	-BC--
src/system/utl/MBT.cpp	vocab-gap	0	1	1	0	0	-BC--
src/system/utl/Magnu.cpp	vocab-gap	0	1	1	0	0	-BC--
src/system/utl/MakeString.cpp	vocab-gap	0	1	1	0	0	-BC--
src/system/utl/MeasureMap.cpp	vocab-gap	0	1	1	0	0	-BC--
src/system/utl/MemHeap.cpp	vocab-gap	0	1	1	0	0	-BC--
src/system/utl/MemMgr.cpp	vocab-gap	0	1	0	0	0	-B---
src/system/utl/MemPoint.cpp	vocab-gap	0	1	1	0	0	-BC--
src/system/utl/MemStats.cpp	vocab-gap	0	1	1	0	0	-BC--
src/system/utl/MemStream.cpp	vocab-gap	0	1	0	0	0	-B---
src/system/utl/MemTrack.cpp	vocab-gap	0	0	0	0	0	-----
src/system/utl/MemTracker.cpp	vocab-gap	0	0	0	0	0	-----
src/system/utl/MultiTempoTempoMap.cpp	vocab-gap	0	1	0	0	0	-B---
src/system/utl/NetCacheLoader.cpp	vocab-gap	0	1	0	0	0	-B---
src/system/utl/NetCacheMgr.cpp	vocab-gap	0	1	0	0	0	-B---
src/system/utl/NetCacheMgr_Xbox.cpp	vocab-gap	0	1	0	0	0	-B---
src/system/utl/NetLoader.cpp	vocab-gap	0	1	0	0	0	-B---
src/system/utl/NetLoader_Xbox.cpp	vocab-gap	0	1	0	0	0	-B---
src/system/utl/OSCMessenger.cpp	vocab-gap	0	0	0	0	0	-----
src/system/utl/Option.cpp	vocab-gap	0	1	1	0	0	-BC--
src/system/utl/Pool.cpp	match	1	1	1	1	0	ABCD-
src/system/utl/PoolAlloc.cpp	vocab-gap	0	1	0	0	0	-B---
src/system/utl/Profiler.cpp	vocab-gap	0	1	1	0	0	-BC--
src/system/utl/Song.cpp	vocab-gap	0	0	0	0	0	-----
src/system/utl/SongInfoAudioType.cpp	vocab-gap	0	1	1	0	0	-BC--
src/system/utl/SongInfoCopy.cpp	vocab-gap	0	1	0	0	0	-B---
src/system/utl/Spew.cpp	match	1	1	1	1	0	ABCD-
src/system/utl/Str.cpp	vocab-gap	0	1	0	0	0	-B---
src/system/utl/StringTable.cpp	vocab-gap	0	1	1	0	0	-BC--
src/system/utl/SuperFormatString.cpp	vocab-gap	0	1	1	0	0	-BC--
src/system/utl/Symbol.cpp	vocab-gap	0	0	0	0	0	-----
src/system/utl/TempoMap.cpp	vocab-gap	0	0	0	0	0	-----
src/system/utl/TextFileStream.cpp	vocab-gap	0	1	0	0	0	-B---
src/system/utl/TextStream.cpp	vocab-gap	0	1	0	0	0	-B---
src/system/utl/TimeConversion.cpp	vocab-gap	0	1	1	0	0	-BC--
src/system/utl/UTF8.cpp	vocab-gap	0	1	0	0	0	-B---
src/system/utl/UrlEncode.cpp	vocab-gap	0	1	1	0	0	-BC--
src/system/utl/VarTimer.cpp	vocab-gap	0	1	1	0	0	-BC--
src/system/utl/WaveFile.cpp	vocab-gap	0	1	0	0	0	-B---
src/system/utl/trie.cpp	vocab-gap	0	1	1	0	0	-BC--
src/system/world/BeatClock.cpp	vocab-gap	0	0	0	0	0	-----
src/system/world/CameraManager.cpp	vocab-gap	0	0	0	0	0	-----
src/system/world/CameraShot.cpp	vocab-gap	0	0	0	0	0	-----
src/system/world/ColorPalette.cpp	vocab-gap	0	1	0	0	0	-B---
src/system/world/Crowd.cpp	vocab-gap	0	0	0	0	0	-----
src/system/world/Crowd3DCharHandle.cpp	vocab-gap	0	0	0	0	0	-----
src/system/world/DefaultPhysicsManager.cpp	vocab-gap	0	0	0	0	0	-----
src/system/world/Dir.cpp	vocab-gap	0	0	0	0	0	-----
src/system/world/FreeCamera.cpp	vocab-gap	0	1	0	0	0	-B---
src/system/world/Instance.cpp	vocab-gap	0	0	0	0	0	-----
src/system/world/LightHue.cpp	vocab-gap	0	1	0	0	0	-B---
src/system/world/LightPreset.cpp	vocab-gap	0	0	0	0	0	-----
src/system/world/LightPresetManager.cpp	vocab-gap	0	0	0	0	0	-----
src/system/world/PhysicsManager.cpp	vocab-gap	0	1	0	0	0	-B---
src/system/world/PhysicsVolume.cpp	vocab-gap	0	0	0	0	0	-----
src/system/world/PostProcer.cpp	vocab-gap	0	0	0	0	0	-----
src/system/world/Reflection.cpp	vocab-gap	0	0	0	0	0	-----
src/system/world/Spotlight.cpp	vocab-gap	0	0	0	0	0	-----
src/system/world/SpotlightDrawer.cpp	vocab-gap	0	0	0	0	0	-----
src/system/world/SpotlightDrawer_NG.cpp	vocab-gap	0	0	0	0	0	-----
src/system/world/SpotlightEnder.cpp	vocab-gap	0	0	0	0	0	-----
src/system/world/ThreeDSoundManager.cpp	vocab-gap	0	0	0	0	0	-----
src/system/world/World.cpp	vocab-gap	0	1	1	0	0	-BC--
src/system/zlib/ZlibLicense.cpp	match	1	1	1	0	1	ABC-E
src/xdk/LIBCMT/osfinfo.cpp	match	1	1	1	1	0	ABCD-
src/xdk/LIBCMT/rtti.cpp	vocab-gap	0	1	0	0	0	-B---
src/xdk/LIBCMT/undname.cpp	match	1	1	1	1	0	ABCD-
src/xdk/LIBCMT/vsnprnc.cpp	match	1	1	1	1	0	ABCD-
src/xdk/LIBCMT/vswprnc.cpp	match	1	1	1	1	0	ABCD-
src/xdk/nuiapi/headtracker.cpp	vocab-gap	0	1	1	0	0	-BC--
src/xdk/nuiapi/nuidetroit.cpp	vocab-gap	0	1	1	0	0	-BC--
src/xdk/nuispeech/mmio.cpp	vocab-gap	1	1	1	0	0	ABC--
src/xdk/nuispeech/xboxheap.cpp	match	1	1	1	1	0	ABCD-
src/xdk/nuispeech/xboxmem.cpp	match	1	1	1	1	0	ABCD-
src/xdk/xjson/jsonwriter.cpp	match	1	1	1	1	0	ABCD-
src/xdk/xlrc/xlrcimpl.cpp	match	1	1	1	1	0	ABCD-
