key	off	ptr4	any	rel	joint
expr-op-0x27	22373	22398	22424	22375	22400
body-cflow-label	14990	14990	14990	14990	14990
expr-intrinsic-this-adjust	9267	9274	9274	9267	9274
expr-intrinsic-base-member-addr	6466	6468	6473	6466	6468
expr-call-in-expr-recv-object-then-call-recv-object-more	5608	5608	5608	5608	5608
expr-call-in-expr-recv-load-then-bit-and-and-branch-more	4290	4290	4290	4290	4290
expr-intrinsic-memset	3749	3750	3750	3749	3750
expr-brfalse	3105	3109	3114	5564	5578
expr-call-in-expr-recv-load-then-intrinsic-call	2865	2865	2865	2865	2865
expr-load-type-8645	2271	2272	2272	2271	2272
body-0x9B	2212	2212	2212	2212	2212
expr-cmp-eq	2208	2213	2214	0	0
expr-call-in-expr-recv-load-then-call-recv-load-and-deref-load-more	2183	2183	2183	2183	2183
expr-intrinsic-0xDF	2031	2031	2031	2031	2031
expr-brtrue	1939	1942	1946	2472	2476
return-scope-close-cflow-label	1814	1814	1814	1814	1814
expr-op-0x9B	1587	1589	1590	1587	1589
expr-call-in-expr-recv-load-whole	1505	1505	1505	1505	1505
expr-call-in-expr-recv-object-then-deref-load-more	1464	1464	1464	1464	1464
expr-intrinsic-base-downcast	1315	1315	1315	1315	1315
expr-lit-type-864A	1270	1271	1273	1270	1271
expr-intrinsic-dynamic-cast	1233	1233	1234	1233	1233
assign-store-type-8643	1133	0	0	1133	0
body-0x67	1044	1044	1044	1044	1044
expr-call-in-expr-recv-load-then-off-add-more	1040	1041	1041	1040	1041
expr-call-in-expr-op-0x9B	1033	1033	1033	1033	1033
expr-cmp-ne	863	866	867	0	0
expr-call-in-expr-recv-intrinsic-this-adjust-then-intrinsic-call	828	829	829	828	829
expr-call-in-expr-recv-field-then-off-add-and-deref-load-more	812	812	812	812	812
call-arg-multi-sym:eof	807	807	807	807	807
expr-call-in-expr-recv-intrinsic-this-adjust-then-call-op-0x9B	803	803	803	803	803
expr-call-in-expr-recv-object-then-call-nested-call-and-call-whole2	757	757	757	757	757
expr-ptr-arith:mid	692	694	694	692	694
param-width-undetermined:mid	682	682	682	682	682
expr-call-in-expr-recv-load-then-call-other	635	635	766	635	635
expr-intrinsic-base-upcast	634	634	634	634	634
expr-call-in-expr-recv-load-then-call-op-0x64	615	615	615	615	615
fn-tail-0x26	587	587	587	587	587
module-end-0x4F	562	562	562	562	562
expr-call-in-expr-recv-load-then-type-int1-more	561	561	561	561	561
call-multiarg-postop-0x1A	545	545	545	545	545
data-sym-unresolved:eof	532	532	532	532	532
expr-intrinsic-sqrt	524	524	524	524	524
expr-op-0x05-8641	502	502	502	502	502
call-arg-multi-sym:mid	499	499	499	499	499
expr-call-in-expr-recv-load-then-call-data-addr-1sym-whole	496	496	496	496	496
expr-call-in-expr-recv-load-then-deref-load-more	484	486	486	484	486
expr-call-in-expr-chained-then-op-0x64	482	482	482	482	482
call-multiarg-postop-0x2C	466	466	466	466	466
expr-call-in-expr-recv-object-then-plumbing-0x3A	457	457	457	457	457
expr-load-type-8881	456	456	456	456	456
expr-call-in-expr-recv-load-then-branch-brfalse	453	455	455	453	455
expr-call-in-expr-recv-load-then-type-real-whole	439	439	439	439	439
expr-call-in-expr-recv-load-then-call-data-addr-and-deref-load-more	438	438	438	438	438
expr-call-in-expr-recv-object-then-branch-brtrue	431	431	431	431	431
expr-op-0x64	422	422	422	422	422
expr-call-in-expr-recv-field-off0-then-call-nested-call-and-type-real-more	419	419	419	419	419
expr-lit-type-8207	401	401	401	401	401
expr-convert-no-value-0x2C	371	371	371	371	371
expr-call-in-expr-recv-field-off0-then-chain-bind-whole	350	350	350	350	350
expr-call-in-expr-recv-load-then-cmp-lt-and-branch-more	341	341	341	341	341
expr-call-in-expr-recv-load-then-call-recv-load-whole	337	337	337	337	337
expr-op-0x30	330	333	333	330	333
expr-jump	303	389	409	303	389
expr-call-in-expr-recv-load-then-call-data-addr-and-call-more	295	295	295	295	295
assign-store-type-8212	294	294	0	294	294
expr-call-in-expr-recv-load-then-call-op-0x9B	259	259	259	259	259
expr-shr-mixed-sign:mid	257	257	257	257	257
expr-convert-target-8422	250	250	250	250	250
expr-load-type-8422	241	241	241	241	241
expr-call-in-expr-chained-then-off-add-more	230	230	230	230	230
expr-call-in-expr-recv-load-then-type-void-and-op-more	230	230	230	230	230
expr-load-type-8216	226	226	226	226	226
expr-call-in-expr-recv-load-then-cmp-eq-and-branch-more	218	218	218	218	218
call-args-none:mid	213	213	213	213	213
expr-call-in-expr-recv-load-then-temp-bind	202	202	202	202	202
expr-call-in-expr-recv-object-then-type-ptr-and-op-more	195	195	195	195	195
expr-out-of-class-bare-nonformal:eof	189	189	189	189	189
expr-call-in-expr-recv-object-then-op-0x5C	185	186	186	185	186
expr-call-in-expr-recv-load-then-branch-brtrue	183	183	183	183	183
expr-call-in-expr-recv-load-then-off-add-and-deref-load-more	180	181	181	180	181
expr-call-in-expr-recv-load-then-call-recv-load-and-op-more	170	170	170	170	170
param-multi-reg:mid	163	163	163	163	163
expr-call-in-expr-recv-load-then-cmp-ne-and-branch-more	158	158	158	158	158
expr-call-in-expr-recv-intrinsic-this-adjust-then-chain-bind-whole	143	143	143	143	143
expr-call-in-expr-recv-load-then-plumbing-0x3A	138	148	148	138	148
expr-op-0x67	136	141	141	137	142
expr-call-in-expr-recv-object-then-intrinsic-call	123	123	123	123	123
expr-cmp-lt	123	123	123	0	0
expr-call-in-expr-recv-object-then-call-nested-call-and-call-whole3	111	111	111	111	111
expr-intrinsic-strlen	110	111	111	110	111
expr-call-in-expr-data-read-then-call-recv-load-and-temp-bind-more	109	109	109	109	109
expr-call-in-expr-chained-then-type-real-whole	105	105	105	105	105
call-ref-cflow-jump	103	103	103	103	103
expr-call-in-expr-recv-load-then-cmp-gt-and-branch-more	103	106	106	103	106
expr-call-in-expr-recv-object-then-type-int1-more	99	99	102	99	99
expr-intrinsic-memcpy	99	99	99	283	283
expr-call-in-expr-recv-load-then-call-recv-load-and-temp-bind-more	97	97	97	97	97
expr-call-in-expr-recv-object-then-call-nested-call-and-call-more	92	93	93	92	93
expr-call-in-expr-recv-field-then-plumbing-0x3A	87	88	88	87	88
expr-call-in-expr-recv-object-then-call-op-0x9B	84	84	84	84	84
expr-cmp-le	84	84	84	0	0
expr-call-in-expr-recv-field-then-chain-bind-whole	76	76	76	76	76
expr-op-0x41	72	72	72	72	72
expr-call-in-expr-recv-intrinsic-this-adjust-whole	70	70	70	70	70
expr-call-in-expr-recv-intrinsic-this-adjust-then-call-recv-field-whole	69	69	69	69	69
expr-call-in-expr-recv-load-then-type-aggregate-more	69	69	69	69	69
expr-call-in-expr-recv-load-then-type-int1-whole	68	68	68	68	68
expr-lit-type-8882	68	68	68	68	68
expr-call-in-expr-recv-load-then-op-0x05	67	67	67	67	67
expr-cmp-gt	66	66	67	0	0
expr-ternary	66	66	66	137	137
expr-call-in-expr-recv-load-then-op-0x29	62	62	62	62	62
expr-call-in-expr-recv-load-then-type-int1-and-op-more	61	61	64	61	61
expr-call-in-expr-recv-load-then-call-nested-call-and-type-int2-more	58	58	58	58	58
expr-call-in-expr-chained-then-type-int1-more	55	56	56	55	56
expr-intrinsic-fabs	54	54	54	54	54
expr-call-in-expr-recv-object-then-branch-brfalse	53	53	53	53	53
expr-call-in-expr-recv-load-then-type-real-more	52	52	52	52	52
expr-intrinsic-strcmp	52	53	53	52	53
expr-label	51	60	61	51	60
expr-call-in-expr-recv-field-off0-then-call-recv-field-whole	50	50	50	50	50
expr-call-in-expr-recv-field-off0-then-plumbing-0x3A	49	49	49	49	49
expr-call-in-expr-recv-load-then-not	47	47	47	47	47
call-end-0x82	42	42	42	42	42
data-sym-not-extern:eof	41	41	41	41	41
expr-call-in-expr-recv-intrinsic-this-adjust-then-plumbing-0x3A	39	39	39	39	39
expr-call-in-expr-recv-intrinsic-this-adjust-then-off-add-more	38	39	39	38	39
expr-load-type-8646	38	38	38	38	38
expr-call-in-expr-recv-field-whole	36	36	36	36	36
expr-switch-dispatch	36	36	37	36	36
expr-call-in-expr-recv-load-then-call-nested-call-and-call-more	35	35	35	35	35
expr-op-0x0F	35	36	36	35	36
call-arg-lit-permuted:eof	34	34	34	34	34
expr-call-in-expr-recv-load-then-call-nested-call-and-deref-load-more	34	34	34	34	34
expr-call-in-expr-recv-object-then-call-data-addr-and-op-more	34	34	34	34	34
expr-op-0x32	34	35	36	34	35
expr-call-in-expr-recv-load-then-shr-whole	32	32	32	32	32
expr-call-in-expr-recv-object-then-off-add-more	32	32	32	32	32
expr-call-in-expr-chained-then-call-recv-intrinsic-this-adjust-and-off-add-more	31	31	31	31	31
expr-op-0xBD	31	38	39	31	38
call-bound-store-0x86	30	30	30	30	30
expr-call-in-expr-recv-field-then-call-recv-field-more	30	30	30	30	30
call-bound-reload-0x53	29	29	29	29	29
expr-call-in-expr-chained-then-temp-bind	29	30	30	29	30
expr-call-in-expr-recv-object-then-call-chained-and-deref-load-more	29	29	29	29	29
expr-call-in-expr-recv-load-then-call-nested-call-and-type-real-more	27	27	27	27	27
expr-cmp-ge	26	30	30	0	0
expr-op-0x28	26	27	27	26	27
expr-call-in-expr-recv-load-then-call-recv-intrinsic-this-adjust-and-op-more	25	25	25	25	25
expr-call-in-expr-recv-load-then-off-add-whole	25	25	25	25	25
expr-call-in-expr-recv-object-then-call-op-0x64	25	25	25	25	25
expr-call-in-expr-recv-object-then-call-recv-intrinsic-this-adjust-and-temp-bind-more	25	25	25	25	25
expr-call-in-expr-recv-object-then-chain-bind-and-deref-load-more	25	25	25	25	25
expr-call-in-expr-recv-load-then-call-data-addr-and-type-real-more	24	24	24	24	24
expr-call-in-expr-chained-then-call-recv-field-and-chain-bind-whole2	23	23	23	23	23
expr-convert-target-8641	22	22	23	22	22
module-end:eof	22	22	22	22	22
expr-call-in-expr-recv-load-then-call-recv-intrinsic-this-adjust-and-chain-bind-more	21	21	21	21	21
expr-call-in-expr-chained-then-call-chained-more	20	20	20	20	20
expr-call-in-expr-chained-then-call-data-addr-and-op-more	20	20	20	20	20
expr-call-in-expr-recv-object-then-call-recv-load-and-op-more	20	21	21	20	21
expr-call-in-expr-recv-load-then-call-nested-call-and-op-more	19	19	19	19	19
expr-call-in-expr-recv-load-then-call-recv-load-and-type-real-more	19	19	19	19	19
expr-call-in-expr-recv-object-then-call-data-addr-and-deref-load-more	19	19	19	19	19
expr-call-in-expr-recv-object-then-off-add-and-deref-load-more	19	19	19	19	19
expr-call-in-expr-recv-object-then-type-real-lit-and-op-more	18	18	18	18	18
call-multiarg-postop-0x33	17	17	17	17	17
call-ref-0x53	17	17	17	17	17
expr-call-in-expr-op-0x64	17	17	17	17	17
expr-call-in-expr-recv-load-then-call-recv-object-and-op-more	17	18	18	17	18
expr-call-in-expr-op-0x67	16	16	16	16	16
formals-marker:mid	16	16	16	16	16
expr-call-in-expr-recv-object-then-call-data-addr-and-branch-more	15	15	15	15	15
expr-call-in-expr-recv-object-then-call-data-addr-and-plumbing-more	15	15	15	15	15
expr-call-in-expr-chained-then-call-recv-field-and-deref-load-whole4	14	14	14	14	14
expr-call-in-expr-recv-intrinsic-this-adjust-then-type-int1-more	14	14	14	14	14
expr-call-in-expr-chained-then-call-recv-intrinsic-this-adjust-and-chain-bind-more	13	13	13	13	13
expr-call-in-expr-recv-intrinsic-this-adjust-then-call-nested-call-and-call-more	13	13	13	13	13
expr-call-in-expr-recv-intrinsic-vbase-upcast-then-cmp-ne-and-type-int1-whole2	13	13	13	13	13
expr-call-in-expr-recv-load-then-off-add-and-chain-bind-more	13	13	13	13	13
expr-call-in-expr-chained-then-call-recv-deref-and-chain-bind-more	12	12	12	12	12
expr-call-in-expr-recv-object-then-chain-bind-and-call-more	12	12	12	12	12
expr-call-in-expr-recv-object-then-virtual	12	12	12	12	12
assign-rhs-call-0x26	11	14	14	11	14
expr-call-in-expr-recv-field-then-call-data-addr-and-temp-bind-more	11	11	11	11	11
expr-call-in-expr-recv-load-then-call-data-addr-and-off-add-more	11	11	11	11	11
expr-call-in-expr-recv-load-then-call-recv-load-more	11	11	11	11	11
expr-call-in-expr-recv-load-then-type-real-and-call-more	11	11	11	11	11
expr-call-in-expr-recv-load-then-virtual	11	11	11	11	11
expr-call-in-expr-recv-object-then-op-0x29	11	12	12	11	12
expr-not	11	11	11	11	11
expr-call-in-expr-recv-intrinsic-this-adjust-then-call-recv-field-and-plumbing-more	10	10	10	10	10
expr-call-in-expr-recv-load-then-cmp-ge-and-branch-more	10	10	10	10	10
call-token-0x26	9	9	9	9	9
expr-call-in-expr-nested-call-then-call-nested-call-and-type-real-more	9	9	9	9	9
expr-call-in-expr-recv-field-off0-then-call-recv-call-and-off-add-more	9	9	9	9	9
expr-call-in-expr-recv-intrinsic-this-adjust-then-cmp-ge-and-branch-more	9	9	9	9	9
expr-call-in-expr-recv-load-then-call-chained-more	9	9	9	9	9
expr-call-in-expr-recv-object-then-temp-bind	9	9	9	9	9
body-0x5D	8	8	8	8	8
call-arg-nonformal:eof	8	8	8	8	8
expr-call-in-expr-chained-then-call-recv-deref-more	8	8	8	8	8
expr-call-in-expr-recv-intrinsic-this-adjust-then-call-op-0x5C	8	8	8	8	8
expr-call-in-expr-recv-load-then-call-recv-intrinsic-this-adjust-and-call-more	8	8	8	8	8
expr-call-in-expr-recv-load-then-cmp-gt-and-op-more	8	8	8	8	8
expr-call-in-expr-recv-load-then-op-0x33	8	8	8	8	8
expr-call-in-expr-recv-load-then-type-real-lit-and-op-more	8	8	8	8	8
expr-call-in-expr-recv-object-then-op-0xB9	8	8	8	8	8
expr-lit-type-888A	8	8	8	8	8
expr-call-in-expr-recv-field-then-off-add-more	7	7	7	7	7
expr-call-in-expr-recv-field-then-op-0x29	7	7	7	7	7
expr-call-in-expr-recv-load-then-call-chained-and-op-more	7	7	7	7	7
expr-call-in-expr-recv-load-then-call-nested-call-and-off-add-more	7	7	7	7	7
expr-call-in-expr-recv-object-then-call-nested-call-and-op-more	7	7	7	7	7
expr-call-in-expr-recv-object-then-call-nested-call-whole	7	7	7	7	7
expr-convert-target-8642	7	7	7	7	7
expr-intrinsic-vbase-upcast	7	7	7	56	56
call-bound-reload-0x26	6	6	6	6	6
call-bound-store-0x2C	6	6	6	6	6
call-token-0xB9	6	6	6	6	6
expr-call-in-expr-chained-then-call-data-addr-and-off-add-more	6	6	6	6	6
expr-call-in-expr-chained-then-call-op-0x9B	6	6	6	6	6
expr-call-in-expr-recv-field-off0-then-temp-bind	6	6	6	6	6
expr-call-in-expr-recv-field-then-branch-brfalse	6	6	6	6	6
expr-call-in-expr-recv-load-then-call-recv-load-and-off-add-more	6	6	6	6	6
expr-call-in-expr-recv-object-then-call-data-addr-more	6	6	6	6	6
expr-call-in-expr-recv-object-then-call-nested-call-and-call-whole4	6	6	6	6	6
expr-call-in-expr-recv-object-then-call-op-0x67	6	6	6	6	6
expr-call-in-expr-recv-object-then-cmp-eq-more	6	6	6	6	6
expr-call-in-expr-recv-object-then-type-aggregate-more	6	6	6	6	6
expr-intrinsic-0xDD	6	6	6	6	6
expr-lit-type-8422	6	6	6	6	6
expr-op-0x35	6	6	6	6	6
module-end-0x4D	6	6	6	6	6
assign-store-type-8644	5	0	0	5	0
callseq-multiarg-sym:eof	5	5	5	5	5
expr-call-in-expr-chained-then-call-recv-field-and-chain-bind-more	5	5	5	5	5
expr-call-in-expr-chained-then-plumbing-0x3A	5	5	5	5	5
expr-call-in-expr-nested-call-whole	5	5	5	5	5
expr-call-in-expr-other	5	5	5	5	5
expr-call-in-expr-recv-call-then-type-int1-more	5	5	5	5	5
expr-call-in-expr-recv-field-off0-then-call-recv-field-off0-more	5	5	5	5	5
expr-call-in-expr-recv-field-then-call-nested-call-and-call-more	5	5	5	5	5
expr-call-in-expr-recv-field-then-op-0xB9	5	5	5	5	5
expr-call-in-expr-recv-field-then-temp-bind	5	5	5	5	5
expr-call-in-expr-recv-intrinsic-this-adjust-then-chain-bind-and-op-more	5	5	5	5	5
expr-call-in-expr-recv-load-then-call-chained-and-deref-load-more	5	5	5	5	5
expr-call-in-expr-recv-load-then-call-data-addr-and-branch-more	5	5	5	5	5
expr-call-in-expr-recv-load-then-call-nested-call-and-type-int1-more	5	5	5	5	5
expr-call-in-expr-recv-load-then-call-recv-object-and-call-more	5	5	5	5	5
expr-call-in-expr-recv-load-then-call-recv-object-and-type-int1-more	5	5	5	5	5
expr-call-in-expr-recv-load-then-cmp-eq-and-op-more	5	5	5	5	5
expr-call-in-expr-recv-load-then-type-real-and-type-real-lit-more	5	5	5	5	5
expr-call-in-expr-recv-load-then-type-real-lit-and-type-real-more	5	5	5	5	5
expr-call-in-expr-recv-object-then-call-recv-load-and-type-real-more	5	5	5	5	5
expr-call-in-expr-recv-object-then-chain-bind-and-type-ptr-more	5	5	5	5	5
expr-call-in-expr-recv-object-then-off-add-and-call-more	5	5	5	5	5
expr-call-in-expr-recv-object-then-op-0x33	5	5	5	5	5
expr-call-in-expr-recv-object-then-plain-call-more	5	5	5	5	5
expr-call-in-expr-recv-object-then-type-int1-whole	5	5	6	5	5
expr-call-in-expr-recv-object-whole	5	6	6	5	6
expr-intrinsic-strcpy	5	5	5	5	5
call-conv-0x40	4	4	4	4	4
call-ref-0xB9	4	4	4	4	4
expr-call-in-expr-chained-then-branch-brfalse	4	5	5	4	5
expr-call-in-expr-chained-then-call-op-0x64	4	4	4	4	4
expr-call-in-expr-chained-then-call-recv-intrinsic-vbase-upcast-and-chain-bind-more	4	5	5	4	5
expr-call-in-expr-chained-then-call-recv-load-and-off-add-more	4	4	4	4	4
expr-call-in-expr-recv-field-then-cmp-lt-and-branch-more	4	4	4	4	4
expr-call-in-expr-recv-intrinsic-this-adjust-then-off-add-and-deref-load-more	4	4	4	4	4
expr-call-in-expr-recv-intrinsic-vbase-upcast-then-call-op-0x64	4	4	4	4	4
expr-call-in-expr-recv-load-then-call-op-0x20	4	4	4	4	4
expr-call-in-expr-recv-load-then-call-recv-intrinsic-this-adjust-and-off-add-more	4	4	4	4	4
expr-call-in-expr-recv-load-then-call-recv-load-and-type-int1-more	4	4	4	4	4
expr-call-in-expr-recv-load-then-cmp-ne-and-type-int1-more	4	4	4	4	4
expr-call-in-expr-recv-load-then-op-0x64	4	4	4	4	4
expr-call-in-expr-recv-load-then-type-real-and-branch-more	4	4	4	4	4
expr-call-in-expr-recv-load-then-type-real-and-off-add-more	4	4	4	4	4
expr-call-in-expr-recv-load-then-type-real-and-op-more	4	4	4	4	4
expr-call-in-expr-recv-object-then-call-chained-more	4	4	4	4	4
expr-call-in-expr-recv-object-then-call-data-addr-and-call-more	4	4	4	4	4
expr-call-in-expr-recv-object-then-call-data-addr-and-temp-bind-more	4	4	4	4	4
expr-call-in-expr-recv-object-then-call-data-addr-and-type-real-lit-more	4	4	4	4	4
expr-call-in-expr-recv-object-then-off-add-and-type-int1-more	4	4	4	4	4
expr-lit-type-8211	4	4	4	4	4
expr-load-type-8211	4	4	4	4	4
expr-op-0x06-8641	4	4	4	4	4
expr-out-of-class-formals9:eof	4	4	4	4	4
mcall-cmp-rel-operand-type-8645	4	4	4	4	4
call-arg-outer-formal:mid	3	3	3	3	3
call-arg-sym-permuted:eof	3	3	3	3	3
call-arg-sym-permuted:mid	3	3	3	3	3
expr-call-in-expr-chained-then-call-recv-field-and-off-add-more	3	3	3	3	3
expr-call-in-expr-chained-then-call-recv-field-and-op-more	3	3	3	3	3
expr-call-in-expr-data-addr-then-plain-call-and-op-more	3	3	3	3	3
expr-call-in-expr-op-0x5C	3	3	3	3	3
expr-call-in-expr-recv-deref-then-deref-load-more	3	3	3	3	3
expr-call-in-expr-recv-deref-then-off-add-more	3	3	3	3	3
expr-call-in-expr-recv-deref-then-op-0x29	3	3	3	3	3
expr-call-in-expr-recv-field-off0-then-call-nested-call-and-call-more	3	3	3	3	3
expr-call-in-expr-recv-field-off0-then-call-recv-field-and-plumbing-more	3	3	3	3	3
expr-call-in-expr-recv-field-off0-then-off-add-and-deref-load-more	3	3	3	3	3
expr-call-in-expr-recv-field-then-cmp-eq-more	3	3	3	3	3
expr-call-in-expr-recv-field-then-cmp-gt-and-branch-more	3	3	3	3	3
expr-call-in-expr-recv-field-then-deref-load-more	3	3	3	3	3
expr-call-in-expr-recv-intrinsic-base-member-addr-then-plumbing-0x3A	3	3	3	3	3
expr-call-in-expr-recv-intrinsic-this-adjust-then-call-nested-call-and-off-add-more	3	3	3	3	3
expr-call-in-expr-recv-intrinsic-this-adjust-then-call-recv-load-more	3	4	4	3	4
expr-call-in-expr-recv-intrinsic-this-adjust-then-type-aggregate-more	3	3	3	3	3
expr-call-in-expr-recv-intrinsic-this-adjust-then-type-real-and-type-real-lit-more	3	3	3	3	3
expr-call-in-expr-recv-intrinsic-vbase-upcast-then-branch-brfalse	3	3	3	3	3
expr-call-in-expr-recv-load-then-and-and	3	3	3	3	3
expr-call-in-expr-recv-load-then-call-recv-field-and-deref-load-more	3	3	3	3	3
expr-call-in-expr-recv-load-then-call-recv-field-and-op-more	3	3	3	3	3
expr-call-in-expr-recv-load-then-call-recv-load-and-call-more	3	3	3	3	3
expr-call-in-expr-recv-load-then-call-recv-load-and-type-real-whole2	3	3	3	3	3
expr-call-in-expr-recv-load-then-cmp-gt-and-type-int1-more	3	3	3	3	3
expr-call-in-expr-recv-load-then-cmp-lt-and-type-int1-whole2	3	3	3	3	3
expr-call-in-expr-recv-load-then-op-0x3B	3	4	4	3	4
expr-call-in-expr-recv-load-then-type-int1-and-call-more	3	3	59	3	3
expr-call-in-expr-recv-object-then-call-nested-call-and-type-int1-more	3	3	3	3	3
expr-call-in-expr-recv-object-then-call-op-0x38	3	3	3	3	3
expr-call-in-expr-recv-object-then-call-recv-load-and-off-add-more	3	3	3	3	3
expr-call-in-expr-recv-object-then-chain-bind-and-branch-more	3	3	3	3	3
expr-call-in-expr-recv-object-then-cmp-eq-and-branch-more	3	3	3	3	3
expr-call-in-expr-recv-object-then-off-add-and-type-aggregate-more	3	3	3	3	3
expr-call-in-expr-recv-object-then-type-real-and-off-add-more	3	3	3	3	3
expr-intrinsic-__mftb	3	3	3	3	3
expr-load-type-8882	3	3	3	3	3
expr-load-type-8885	3	3	3	3	3
expr-load-type-8906	3	3	3	3	3
expr-load-type-A646	3	3	3	3	3
call-arg-computed:mid	2	2	2	2	2
call-arg-nonformal:mid	2	2	2	2	2
call-bound-store-0x33	2	2	2	2	2
call-bound-store-0x82	2	2	2	2	2
call-intrinsic-this-adjust	2	2	2	2	2
call-postop-0x26	2	2	2	2	2
call-postop-op-0x27	2	2	2	2	2
call-ref-0x67	2	2	2	2	2
expr-call-in-expr-chained-then-call-nested-call-and-type-real-more	2	2	2	2	2
expr-call-in-expr-chained-then-call-recv-load-and-type-real-more	2	2	2	2	2
expr-call-in-expr-chained-then-chain-bind-and-deref-load-more	2	2	2	2	2
expr-call-in-expr-chained-then-cmp-eq-and-branch-more	2	2	2	2	2
expr-call-in-expr-chained-then-op-0x29	2	2	2	2	2
expr-call-in-expr-chained-then-plain-call-and-call-more	2	2	2	2	2
expr-call-in-expr-chained-then-plain-call-and-type-real-more	2	2	2	2	2
expr-call-in-expr-chained-then-type-aggregate-more	2	2	2	2	2
expr-call-in-expr-data-addr-then-off-add-and-op-more	2	2	2	2	2
expr-call-in-expr-data-addr-then-plumbing-0x3A	2	2	2	2	2
expr-call-in-expr-data-read-then-call-data-read-more	2	2	2	2	2
expr-call-in-expr-data-read-then-plain-call-and-type-real-more	2	2	2	2	2
expr-call-in-expr-nested-call-then-call-nested-call-and-op-more	2	2	2	2	2
expr-call-in-expr-nested-call-then-call-nested-call-and-type-int2-more	2	2	2	2	2
expr-call-in-expr-nested-call-then-call-nested-call-whole	2	2	2	2	2
expr-call-in-expr-op-0x05	2	2	2	2	2
expr-call-in-expr-op-0x43	2	2	2	2	2
expr-call-in-expr-recv-deref-then-call-data-addr-and-branch-more	2	2	2	2	2
expr-call-in-expr-recv-deref-then-call-nested-call-and-call-more	2	2	2	2	2
expr-call-in-expr-recv-deref-then-call-recv-deref-more	2	2	2	2	2
expr-call-in-expr-recv-deref-then-call-recv-object-and-op-more	2	2	2	2	2
expr-call-in-expr-recv-deref-then-type-int2-more	2	2	2	2	2
expr-call-in-expr-recv-field-off0-then-call-recv-field-and-op-more	2	2	2	2	2
expr-call-in-expr-recv-field-then-call-data-addr-and-op-more	2	2	2	2	2
expr-call-in-expr-recv-field-then-call-data-addr-and-type-int1-more	2	2	2	2	2
expr-call-in-expr-recv-field-then-call-recv-load-and-branch-more	2	2	2	2	2
expr-call-in-expr-recv-field-then-cmp-eq-and-branch-more	2	2	2	2	2
expr-call-in-expr-recv-field-then-cmp-ge-and-branch-more	2	2	2	2	2
expr-call-in-expr-recv-field-then-cmp-ne-and-branch-more	2	2	2	2	2
expr-call-in-expr-recv-intrinsic-base-downcast-then-call-recv-object-and-call-more	2	2	2	2	2
expr-call-in-expr-recv-intrinsic-base-downcast-then-call-recv-object-and-virtual-more	2	2	2	2	2
expr-call-in-expr-recv-intrinsic-base-downcast-then-plumbing-0x3A	2	2	2	2	2
expr-call-in-expr-recv-intrinsic-this-adjust-then-call-op-0x64	2	2	2	2	2
expr-call-in-expr-recv-intrinsic-this-adjust-then-call-other	2	2	2	2	2
expr-call-in-expr-recv-intrinsic-this-adjust-then-call-recv-object-and-call-more	2	2	2	2	2
expr-call-in-expr-recv-intrinsic-this-adjust-then-cmp-ne-and-branch-more	2	2	2	2	2
expr-call-in-expr-recv-intrinsic-this-adjust-then-op-0x29	2	2	2	2	2
expr-call-in-expr-recv-load-then-bit-and-and-call-more	2	2	2	2	2
expr-call-in-expr-recv-load-then-bit-and-and-op-more	2	2	2	2	2
expr-call-in-expr-recv-load-then-bit-and-and-type-int8-more	2	2	2	2	2
expr-call-in-expr-recv-load-then-call-chained-and-off-add-more	2	2	2	2	2
expr-call-in-expr-recv-load-then-call-data-addr-and-type-int1-more	2	2	2	2	2
expr-call-in-expr-recv-load-then-call-op-0x05	2	2	2	2	2
expr-call-in-expr-recv-load-then-call-op-0x24	2	2	2	2	2
expr-call-in-expr-recv-load-then-call-recv-field-and-call-more	2	2	2	2	2
expr-call-in-expr-recv-load-then-call-recv-field-off0-more	2	2	2	2	2
expr-call-in-expr-recv-load-then-call-recv-object-and-type-real-more	2	2	2	2	2
expr-call-in-expr-recv-load-then-call-recv-object-whole	2	2	2	2	2
expr-call-in-expr-recv-load-then-chain-bind-and-call-more	2	2	2	2	2
expr-call-in-expr-recv-load-then-cmp-eq-and-type-int1-more	2	2	2	2	2
expr-call-in-expr-recv-load-then-cmp-eq-more	2	2	2	2	2
expr-call-in-expr-recv-load-then-cmp-ge-and-op-more	2	2	2	2	2
expr-call-in-expr-recv-load-then-cmp-lt-and-op-more	2	2	2	2	2
expr-call-in-expr-recv-load-then-cmp-ne-and-type-int1-whole2	2	2	2	2	2
expr-call-in-expr-recv-load-then-off-add-and-call-more	2	2	2	2	2
expr-call-in-expr-recv-load-then-off-add-and-chain-bind-whole2	2	2	2	2	2
expr-call-in-expr-recv-load-then-off-add-and-deref-load-whole2	2	2	2	2	2
expr-call-in-expr-recv-load-then-off-add-and-op-more	2	2	2	2	2
expr-call-in-expr-recv-load-then-off-add-and-temp-bind-more	2	2	2	2	2
expr-call-in-expr-recv-load-then-off-add-and-type-int1-whole2	2	2	2	2	2
expr-call-in-expr-recv-load-then-off-add-and-type-real-more	2	2	2	2	2
expr-call-in-expr-recv-load-then-type-int1-and-branch-more	2	2	7	2	2
expr-call-in-expr-recv-load-then-type-int1-and-off-add-more	2	2	3	2	2
expr-call-in-expr-recv-load-then-type-real-and-deref-load-more	2	2	2	2	2
expr-call-in-expr-recv-object-then-call-chained-and-branch-more	2	2	2	2	2
expr-call-in-expr-recv-object-then-call-data-addr-and-chain-bind-more	2	2	2	2	2
expr-call-in-expr-recv-object-then-call-recv-intrinsic-this-adjust-and-off-add-more	2	2	2	2	2
expr-call-in-expr-recv-object-then-call-recv-load-and-deref-load-more	2	2	2	2	2
expr-call-in-expr-recv-object-then-call-recv-load-and-plumbing-more	2	2	2	2	2
expr-call-in-expr-recv-object-then-call-recv-load-and-temp-bind-more	2	2	2	2	2
expr-call-in-expr-recv-object-then-cmp-ge-and-branch-more	2	2	2	2	2
expr-call-in-expr-recv-object-then-off-add-and-chain-bind-more	2	2	2	2	2
expr-call-in-expr-recv-object-then-off-add-and-type-real-more	2	2	2	2	2
expr-call-in-expr-recv-object-then-ternary	2	2	2	2	2
expr-call-in-expr-recv-object-then-type-int1-and-op-more	2	2	3	2	2
expr-call-in-expr-recv-object-then-type-real-and-op-more	2	2	2	2	2
expr-call-in-expr-recv-object-then-type-real-lit-and-type-real-more	2	2	2	2	2
expr-intrinsic-call	2	2	2	2	2
expr-lit-type-A64A	2	2	2	2	2
expr-op-0x36	2	2	2	2	2
call-arg-lit-permuted:mid	1	1	1	1	1
call-arg-lit-wide:eof	1	1	1	1	1
call-arg-outer-formal:eof	1	1	1	1	1
call-bound-store-0x30	1	1	1	1	1
call-bound-store-0x88	1	1	1	1	1
call-postop-cflow-brfalse	1	1	1	1	1
call-postop-op-0x33	1	1	1	1	1
call-token-0x33	1	1	1	1	1
call-token-0x9B	1	1	1	1	1
callseq-postop-op-0x27	1	1	1	1	1
expr-call-in-expr-chained-then-bit-and-and-branch-more	1	1	1	1	1
expr-call-in-expr-chained-then-call-recv-deref-and-op-more	1	1	1	1	1
expr-call-in-expr-chained-then-call-recv-field-and-deref-load-more	1	1	1	1	1
expr-call-in-expr-chained-then-call-recv-load-and-deref-load-more	1	1	1	1	1
expr-call-in-expr-chained-then-call-recv-load-and-op-more	1	1	1	1	1
expr-call-in-expr-chained-then-call-recv-load-whole	1	1	1	1	1
expr-call-in-expr-chained-then-chain-bind-and-op-more	1	1	1	1	1
expr-call-in-expr-chained-then-chain-bind-whole	1	1	1	1	1
expr-call-in-expr-chained-then-cmp-le-and-branch-more	1	1	1	1	1
expr-call-in-expr-chained-then-cmp-ne-and-type-int1-more	1	1	1	1	1
expr-call-in-expr-chained-then-off-add-and-call-more	1	1	1	1	1
expr-call-in-expr-chained-then-plain-call-and-temp-bind-more	1	1	1	1	1
expr-call-in-expr-chained-then-type-int1-and-branch-more	1	1	1	1	1
expr-call-in-expr-chained-then-type-int1-and-op-more	1	1	1	1	1
expr-call-in-expr-chained-then-type-real-and-call-more	1	1	1	1	1
expr-call-in-expr-chained-then-type-real-more	1	1	1	1	1
expr-call-in-expr-data-addr-then-branch-brfalse	1	1	1	1	1
expr-call-in-expr-data-addr-then-chain-bind-and-type-real-lit-whole3	1	1	1	1	1
expr-call-in-expr-data-addr-then-intrinsic-call	1	1	1	1	1
expr-call-in-expr-data-addr-then-off-add-and-deref-load-more	1	1	1	1	1
expr-call-in-expr-data-addr-then-plain-call-and-plumbing-more	1	1	1	1	1
expr-call-in-expr-data-addr-whole	1	1	1	1	1
expr-call-in-expr-data-read-then-bit-and-and-op-more	1	1	1	1	1
expr-call-in-expr-data-read-then-plain-call-and-call-more	1	1	1	1	1
expr-call-in-expr-data-read-then-type-real-and-off-add-more	1	1	1	1	1
expr-call-in-expr-nested-call-then-call-data-addr-and-off-add-more	1	1	1	1	1
expr-call-in-expr-nested-call-then-call-nested-call-and-virtual-more	1	1	1	1	1
expr-call-in-expr-op-0x09	1	1	1	1	1
expr-call-in-expr-op-0x1F	1	1	1	53	53
expr-call-in-expr-op-0x21	1	1	1	1	1
expr-call-in-expr-op-0x59	1	1	1	1	1
expr-call-in-expr-recv-deref-then-call-op-0x59	1	1	1	1	1
expr-call-in-expr-recv-deref-then-call-recv-intrinsic-this-adjust-and-op-more	1	1	1	1	1
expr-call-in-expr-recv-deref-then-call-recv-load-and-branch-more	1	1	1	1	1
expr-call-in-expr-recv-deref-then-call-recv-load-and-off-add-more	1	1	1	1	1
expr-call-in-expr-recv-deref-then-call-recv-load-and-type-int1-more	1	1	1	1	1
expr-call-in-expr-recv-deref-then-call-recv-object-and-call-more	1	1	1	1	1
expr-call-in-expr-recv-deref-then-call-recv-object-and-off-add-more	1	1	1	1	1
expr-call-in-expr-recv-deref-then-cmp-ge-and-branch-more	1	1	1	1	1
expr-call-in-expr-recv-deref-then-cmp-gt-and-branch-more	1	1	1	1	1
expr-call-in-expr-recv-deref-then-off-add-and-deref-load-more	1	1	1	1	1
expr-call-in-expr-recv-deref-then-type-int1-and-branch-more	1	1	1	1	1
expr-call-in-expr-recv-deref-then-type-int1-more	1	1	1	1	1
expr-call-in-expr-recv-deref-then-type-real-and-type-real-lit-more	1	1	1	1	1
expr-call-in-expr-recv-deref-then-type-real-more	1	1	1	1	1
expr-call-in-expr-recv-deref-then-virtual	1	1	1	1	1
expr-call-in-expr-recv-field-off0-then-op-0x29	1	1	1	1	1
expr-call-in-expr-recv-field-off0-then-type-int1-and-branch-more	1	1	1	1	1
expr-call-in-expr-recv-field-off0-then-type-int1-and-off-add-more	1	1	1	1	1
expr-call-in-expr-recv-field-then-branch-brtrue	1	1	1	1	1
expr-call-in-expr-recv-field-then-call-data-read-more	1	1	1	1	1
expr-call-in-expr-recv-field-then-call-nested-call-and-off-add-more	1	1	1	1	1
expr-call-in-expr-recv-field-then-call-nested-call-and-op-more	1	1	1	1	1
expr-call-in-expr-recv-field-then-call-nested-call-and-type-real-more	1	1	1	1	1
expr-call-in-expr-recv-field-then-call-nested-call-whole	1	1	1	1	1
expr-call-in-expr-recv-field-then-call-op-0x1F	1	1	1	1	1
expr-call-in-expr-recv-field-then-call-op-0x5C	1	1	1	1	1
expr-call-in-expr-recv-field-then-call-op-0x64	1	1	1	1	1
expr-call-in-expr-recv-field-then-call-recv-intrinsic-this-adjust-and-off-add-more	1	1	1	1	1
expr-call-in-expr-recv-field-then-call-recv-load-and-call-more	1	1	1	1	1
expr-call-in-expr-recv-field-then-call-recv-object-and-call-more	1	1	1	1	1
expr-call-in-expr-recv-field-then-call-recv-object-and-op-more	1	1	1	1	1
expr-call-in-expr-recv-field-then-call-recv-object-and-type-int1-more	1	1	1	1	1
expr-call-in-expr-recv-field-then-chain-bind-and-plumbing-more	1	1	1	1	1
expr-call-in-expr-recv-field-then-cmp-eq-and-off-add-more	1	1	1	1	1
expr-call-in-expr-recv-field-then-cmp-ge-and-off-add-more	1	1	1	1	1
expr-call-in-expr-recv-field-then-deref-load-and-call-more	1	1	1	1	1
expr-call-in-expr-recv-field-then-deref-load-and-op-more	1	1	1	1	1
expr-call-in-expr-recv-field-then-intrinsic-call	1	1	1	1	1
expr-call-in-expr-recv-field-then-off-add-and-type-int1-whole3	1	1	1	1	1
expr-call-in-expr-recv-field-then-op-0x0F	1	1	1	1	1
expr-call-in-expr-recv-field-then-op-0x33	1	1	1	1	1
expr-call-in-expr-recv-field-then-shr-and-op-more	1	1	1	1	1
expr-call-in-expr-recv-field-then-type-aggregate-more	1	1	1	1	1
expr-call-in-expr-recv-field-then-type-real-and-branch-more	1	1	1	1	1
expr-call-in-expr-recv-field-then-type-real-and-call-more	1	1	1	1	1
expr-call-in-expr-recv-field-then-type-real-and-off-add-more	1	1	1	1	1
expr-call-in-expr-recv-intrinsic-base-member-addr-then-cmp-eq-and-branch-more	1	1	1	1	1
expr-call-in-expr-recv-intrinsic-base-member-addr-then-cmp-lt-and-branch-more	1	1	1	1	1
expr-call-in-expr-recv-intrinsic-this-adjust-then-call-data-addr-more	1	1	1	1	1
expr-call-in-expr-recv-intrinsic-this-adjust-then-call-nested-call-and-branch-more	1	1	1	1	1
expr-call-in-expr-recv-intrinsic-this-adjust-then-call-nested-call-and-op-more	1	1	1	1	1
expr-call-in-expr-recv-intrinsic-this-adjust-then-call-nested-call-whole	1	1	1	1	1
expr-call-in-expr-recv-intrinsic-this-adjust-then-call-op-0x38	1	1	1	1	1
expr-call-in-expr-recv-intrinsic-this-adjust-then-call-recv-field-and-call-more	1	1	1	1	1
expr-call-in-expr-recv-intrinsic-this-adjust-then-call-recv-intrinsic-this-adjust-more	1	1	1	1	1
expr-call-in-expr-recv-intrinsic-this-adjust-then-call-recv-load-and-branch-more	1	1	1	1	1
expr-call-in-expr-recv-intrinsic-this-adjust-then-chain-bind-and-deref-load-more	1	1	1	1	1
expr-call-in-expr-recv-intrinsic-this-adjust-then-cmp-eq-and-branch-more	1	1	1	1	1
expr-call-in-expr-recv-intrinsic-this-adjust-then-cmp-gt-and-branch-more	1	1	1	1	1
expr-call-in-expr-recv-intrinsic-this-adjust-then-cmp-lt-and-branch-more	1	1	1	1	1
expr-call-in-expr-recv-intrinsic-this-adjust-then-cmp-ne-and-op-more	1	1	1	1	1
expr-call-in-expr-recv-intrinsic-this-adjust-then-deref-load-more	1	1	1	1	1
expr-call-in-expr-recv-intrinsic-this-adjust-then-off-add-and-call-more	1	1	1	1	1
expr-call-in-expr-recv-intrinsic-this-adjust-then-op-0x3C	1	1	1	1	1
expr-call-in-expr-recv-intrinsic-this-adjust-then-op-0x44	1	1	1	1	1
expr-call-in-expr-recv-intrinsic-this-adjust-then-op-0x48	1	1	1	1	1
expr-call-in-expr-recv-intrinsic-this-adjust-then-op-0x80	1	1	1	1	1
expr-call-in-expr-recv-intrinsic-this-adjust-then-temp-bind	1	1	1	1	1
expr-call-in-expr-recv-intrinsic-this-adjust-then-type-int1-and-branch-more	1	1	1	1	1
expr-call-in-expr-recv-intrinsic-this-adjust-then-type-int1-and-op-more	1	1	1	1	1
expr-call-in-expr-recv-intrinsic-this-adjust-then-type-int8-and-call-more	1	1	1	1	1
expr-call-in-expr-recv-intrinsic-this-adjust-then-type-real-and-call-more	1	1	1	1	1
expr-call-in-expr-recv-intrinsic-this-adjust-then-type-real-and-off-add-more	1	1	1	1	1
expr-call-in-expr-recv-intrinsic-this-adjust-then-type-real-and-type-int1-more	1	1	1	1	1
expr-call-in-expr-recv-intrinsic-this-adjust-then-type-real-more	1	1	1	1	1
expr-call-in-expr-recv-intrinsic-vbase-upcast-then-cmp-ne-and-branch-more	1	1	1	1	1
expr-call-in-expr-recv-intrinsic-vbase-upcast-then-temp-bind	1	1	1	1	1
expr-call-in-expr-recv-intrinsic-vbase-upcast-then-type-int1-more	1	1	1	1	1
expr-call-in-expr-recv-load-then-bit-and-and-type-int8-whole3	1	1	1	1	1
expr-call-in-expr-recv-load-then-bit-and-and-type-real-more	1	1	1	1	1
expr-call-in-expr-recv-load-then-bit-or-and-op-more	1	1	1	1	1
expr-call-in-expr-recv-load-then-bit-xor-more	1	1	1	1	1
expr-call-in-expr-recv-load-then-call-chained-and-branch-more	1	1	1	1	1
expr-call-in-expr-recv-load-then-call-chained-and-call-more	1	1	1	1	1
expr-call-in-expr-recv-load-then-call-chained-and-op-whole3	1	1	1	1	1
expr-call-in-expr-recv-load-then-call-chained-and-plumbing-more	1	1	1	1	1
expr-call-in-expr-recv-load-then-call-chained-and-type-int1-more	1	1	1	1	1
expr-call-in-expr-recv-load-then-call-data-addr-1sym-and-type-int1-whole2	1	1	1	1	1
expr-call-in-expr-recv-load-then-call-data-addr-2sym-and-op-whole3	1	1	1	1	1
expr-call-in-expr-recv-load-then-call-data-addr-2sym-and-type-int1-whole2	1	1	1	1	1
expr-call-in-expr-recv-load-then-call-data-addr-2sym-whole	1	1	1	1	1
expr-call-in-expr-recv-load-then-call-data-addr-and-temp-bind-more	1	1	1	1	1
expr-call-in-expr-recv-load-then-call-data-read-and-op-more	1	1	1	1	1
expr-call-in-expr-recv-load-then-call-nested-call-and-branch-more	1	1	1	1	1
expr-call-in-expr-recv-load-then-call-nested-call-and-temp-bind-more	1	1	1	1	1
expr-call-in-expr-recv-load-then-call-nested-call-and-type-int1-whole2	1	1	1	1	1
expr-call-in-expr-recv-load-then-call-nested-call-whole	1	1	1	1	1
expr-call-in-expr-recv-load-then-call-op-0x1C	1	1	1	1	1
expr-call-in-expr-recv-load-then-call-op-0x1F	1	1	1	1	1
expr-call-in-expr-recv-load-then-call-op-0x22	1	1	1	1	1
expr-call-in-expr-recv-load-then-call-op-0x38	1	1	1	1	1
expr-call-in-expr-recv-load-then-call-recv-deref-more	1	1	1	1	1
expr-call-in-expr-recv-load-then-call-recv-intrinsic-base-member-addr-and-deref-load-more	1	1	1	1	1
expr-call-in-expr-recv-load-then-call-recv-intrinsic-base-member-addr-and-plumbing-more	1	1	1	1	1
expr-call-in-expr-recv-load-then-call-recv-intrinsic-this-adjust-and-type-real-more	1	1	1	1	1
expr-call-in-expr-recv-load-then-call-recv-intrinsic-this-adjust-whole	1	1	1	1	1
expr-call-in-expr-recv-load-then-call-recv-intrinsic-vbase-upcast-and-op-more	1	1	1	1	1
expr-call-in-expr-recv-load-then-call-recv-load-and-chain-bind-more	1	1	1	1	1
expr-call-in-expr-recv-load-then-call-recv-load-and-type-int1-whole2	1	1	1	1	1
expr-call-in-expr-recv-load-then-call-recv-object-and-deref-load-more	1	1	1	1	1
expr-call-in-expr-recv-load-then-call-recv-object-and-off-add-more	1	1	1	1	1
expr-call-in-expr-recv-load-then-call-recv-object-and-plumbing-more	1	1	1	1	1
expr-call-in-expr-recv-load-then-call-recv-object-more	1	1	1	1	1
expr-call-in-expr-recv-load-then-chain-bind-and-deref-load-more	1	1	1	1	1
expr-call-in-expr-recv-load-then-cmp-gt-and-type-real-lit-more	1	1	1	1	1
expr-call-in-expr-recv-load-then-cmp-lt-and-type-int1-more	1	1	1	1	1
expr-call-in-expr-recv-load-then-cmp-ne-and-op-more	1	1	1	1	1
expr-call-in-expr-recv-load-then-int1u-misuse	1	1	1	1	1
expr-call-in-expr-recv-load-then-off-add-and-deref-load-whole3	1	1	1	1	1
expr-call-in-expr-recv-load-then-off-add-and-type-int1-more	1	1	1	1	1
expr-call-in-expr-recv-load-then-off-add-and-type-int2-more	1	1	1	1	1
expr-call-in-expr-recv-load-then-off-add-and-virtual-more	1	1	1	1	1
expr-call-in-expr-recv-load-then-op-0x12	1	1	1	1	1
expr-call-in-expr-recv-load-then-or-or	1	1	1	1	1
expr-call-in-expr-recv-load-then-ternary	1	1	1	1	1
expr-call-in-expr-recv-load-then-type-int1-and-plumbing-more	1	1	1	1	1
expr-call-in-expr-recv-load-then-type-int1-and-type-real-lit-more	1	1	1	1	1
expr-call-in-expr-recv-load-then-type-int2-and-temp-bind-more	1	1	1	1	1
expr-call-in-expr-recv-load-then-type-int2-more	1	1	1	1	1
expr-call-in-expr-recv-load-then-type-real-and-op-whole3	1	1	1	1	1
expr-call-in-expr-recv-load-then-type-real-and-virtual-more	1	1	1	1	1
expr-call-in-expr-recv-load-then-type-real-lit-and-op-whole3	1	1	1	1	1
expr-call-in-expr-recv-object-then-call-chained-and-op-more	1	1	1	1	1
expr-call-in-expr-recv-object-then-call-data-addr-1sym-whole	1	1	1	1	1
expr-call-in-expr-recv-object-then-call-data-addr-and-off-add-more	1	1	1	1	1
expr-call-in-expr-recv-object-then-call-data-addr-and-plain-call-more	1	1	1	1	1
expr-call-in-expr-recv-object-then-call-data-addr-and-type-aggregate-more	1	1	1	1	1
expr-call-in-expr-recv-object-then-call-data-addr-and-type-int1-more	1	1	1	1	1
expr-call-in-expr-recv-object-then-call-nested-call-and-chain-bind-more	1	1	1	1	1
expr-call-in-expr-recv-object-then-call-nested-call-and-off-add-more	1	1	1	1	1
expr-call-in-expr-recv-object-then-call-nested-call-and-plumbing-more	1	1	1	1	1
expr-call-in-expr-recv-object-then-call-nested-call-and-type-real-more	1	1	1	1	1
expr-call-in-expr-recv-object-then-call-op-0x05	1	1	1	1	1
expr-call-in-expr-recv-object-then-call-op-0x08	1	1	1	1	1
expr-call-in-expr-recv-object-then-call-recv-field-and-op-more	1	1	1	1	1
expr-call-in-expr-recv-object-then-call-recv-intrinsic-this-adjust-and-call-more	1	1	1	1	1
expr-call-in-expr-recv-object-then-call-recv-intrinsic-this-adjust-and-op-more	1	1	1	1	1
expr-call-in-expr-recv-object-then-call-recv-intrinsic-this-adjust-and-type-int1-whole2	1	1	1	1	1
expr-call-in-expr-recv-object-then-call-recv-intrinsic-this-adjust-more	1	1	1	1	1
expr-call-in-expr-recv-object-then-call-recv-object-and-temp-bind-more	1	1	1	1	1
expr-call-in-expr-recv-object-then-call-recv-object-and-type-int1-more	1	1	1	1	1
expr-call-in-expr-recv-object-then-chain-bind-and-op-more	1	1	1	1	1
expr-call-in-expr-recv-object-then-cmp-gt-and-branch-more	1	1	1	1	1
expr-call-in-expr-recv-object-then-convert	1	1	1	1	1
expr-call-in-expr-recv-object-then-not	1	1	1	1	1
expr-call-in-expr-recv-object-then-off-add-and-deref-load-whole4	1	1	1	1	1
expr-call-in-expr-recv-object-then-off-add-and-op-more	1	1	1	1	1
expr-call-in-expr-recv-object-then-off-add-and-type-aggregate-whole2	1	1	1	1	1
expr-call-in-expr-recv-object-then-off-add-and-type-real-lit-more	1	1	1	1	1
expr-call-in-expr-recv-object-then-op-0x05	1	1	1	1	1
expr-call-in-expr-recv-object-then-op-0x3B	1	1	1	1	1
expr-call-in-expr-recv-object-then-type-real-and-branch-more	1	1	1	1	1
expr-call-in-expr-recv-object-then-type-real-and-call-more	1	1	1	1	1
expr-call-in-expr-recv-object-then-type-real-and-plain-call-more	1	1	1	1	1
expr-call-in-expr-recv-object-then-type-real-and-plumbing-more	1	1	1	1	1
expr-call-in-expr-recv-object-then-type-real-and-type-real-lit-more	1	1	1	1	1
expr-call-in-expr-recv-object-then-type-real-lit-and-off-add-more	1	1	1	1	1
expr-call-in-expr-recv-object-then-type-real-lit-and-type-real-whole4	1	1	1	1	1
expr-call-in-expr-recv-object-then-type-real-more	1	1	1	1	1
expr-call-in-expr-recv-object-then-type-real-whole	1	1	1	1	1
expr-convert-target-8645	1	1	1	1	1
expr-convert-target-8885	1	1	1	1	1
expr-intrinsic-0x848	1	1	1	1	1
expr-intrinsic-__frsqrte	1	1	1	1	1
expr-intrinsic-memcmp	1	1	1	1	1
expr-intrinsic-vbase-member-addr	1	1	1	1	1
expr-lit-type-8421	1	1	1	1	1
expr-lit-type-8881	1	1	1	1	1
expr-lit-type-9641	1	1	1	1	1
expr-load-type-8421	1	1	1	1	1
expr-load-type-A645	1	1	1	1	1
expr-op-0x10	1	37	37	1	37
expr-shr-sign-late:mid	1	1	1	1	1
mcall-framed-args:eof	1	1	1	1	1
result-type-0x33	1	1	1	1	1
result-type-0x41	1	1	2	1	1
assign-ret-nonformal:eof	0	1	1	0	1
expr-and-and	0	0	0	4	4
expr-call-in-expr-chained-then-type-int1-and-call-more	0	0	1	0	0
expr-call-in-expr-op-0x0F	0	1	1	0	1
expr-call-in-expr-recv-field-off0-then-type-int1-and-plumbing-more	0	0	1	0	0
expr-call-in-expr-recv-field-then-cmp-lt-and-op-more	0	0	0	1	1
expr-call-in-expr-recv-field-then-type-int1-and-plumbing-more	0	0	3	0	0
expr-call-in-expr-recv-intrinsic-this-adjust-then-type-int1-and-off-add-more	0	0	2	0	0
expr-call-in-expr-recv-load-then-call-chained-and-type-real-more	0	1	1	0	1
expr-call-in-expr-recv-load-then-call-nested-call-and-type-aggregate-more	0	1	1	0	1
expr-call-in-expr-recv-load-then-type-int1-and-deref-load-more	0	0	3	0	0
expr-call-in-expr-recv-load-then-type-int1-and-type-aggregate-more	0	0	2	0	0
expr-call-in-expr-recv-load-then-type-int1-and-type-real-more	0	0	1	0	0
expr-call-in-expr-recv-object-then-type-int1-and-call-more	0	0	5	0	0
expr-call-in-expr-recv-object-then-type-int1-and-off-add-more	0	0	1	0	0
expr-call-in-expr-recv-object-then-type-int1-and-type-real-lit-whole3	0	0	1	0	0
expr-convert-target-8212	0	0	0	3	4
expr-op-0x60	0	886	886	0	886
expr-or-or	0	0	0	5	5
expr-rel-sink-poison:mid	0	0	0	6	6
