2212	body-0x9B
14990	body-cflow-label
3105	expr-brfalse
1939	expr-brtrue
4290	expr-call-in-expr-recv-load-then-bit-and-and-branch-more
2183	expr-call-in-expr-recv-load-then-call-recv-load-and-deref-load-more
2865	expr-call-in-expr-recv-load-then-intrinsic-call
1505	expr-call-in-expr-recv-load-whole
5608	expr-call-in-expr-recv-object-then-call-recv-object-more
1464	expr-call-in-expr-recv-object-then-deref-load-more
2215	expr-cmp-eq
2031	expr-intrinsic-0xDF
6466	expr-intrinsic-base-member-addr
3750	expr-intrinsic-memset
9267	expr-intrinsic-this-adjust
2650	expr-load-type-8645
11189	expr-op-0x30
2567	expr-op-0x32
1674	expr-op-0x9B
1814	return-scope-close-cflow-label
