src/keygen_xbox.cpp	6f4f5ea4420287a105e1e149a84ee3be	_CL_421387aa	1
src/lazer/game/PartyModeMgr.cpp	2c6098224d5efe89f8ce9b0ed5ddb4c8	_CL_15d38bd2	1
src/lazer/meta_ham/CalibrationPanel.cpp	d923a287c1dc4768f6b1802d4696ae08	_CL_366f64bd	1
src/lazer/meta_ham/Challenges.cpp	3e45fc136d6fbfa89d706468cd15ab8a	_CL_0ce4c60a	1
src/lazer/meta_ham/DifficultyProvider.cpp	b82e1908f4ba1c9c6f3f975affcad298	_CL_684ccacb	1
src/lazer/meta_ham/HamStoreOffer.cpp	28e3c21667d1d0da65e671cb3583bac6	_CL_972b8f54	1
src/system/os/Archive.cpp	814f5dd55a30c975d85a2df6d1ccc2b8	_CL_78cdef5c	1
src/system/os/FileCache.cpp	77461e4dcdb1b946b88cb06260e53b56	_CL_692c33cd	1
src/system/os/HolmesClient_NetSocket.cpp	7856d351096167db19d64a95702e3e64	_CL_d67db417	1
src/system/os/Joypad.cpp	aa3c6bd6b74c38484a96b23ba37e1844	_CL_5242625a	1
src/system/os/Keyboard_Xbox.cpp	87a241bbe6cbbeb81a2deede5064cf0c	_CL_efe1fd96	1
src/system/rndobj/TexProc.cpp	f6d49e1dcca1bf2de8c90648bee0d70a	_CL_02aa0624	1
src/system/synth/FxSendEQ.cpp	5f01550d1f1d94295b1260440364def2	_CL_561bc114	1
src/system/synth_xbox/FxSendEQ.cpp	a8a2bfb589c07adccd20a62d86f42b52	_CL_7e86cd7c	1
src/system/synth_xbox/soundtouch/source/SoundTouch/FIRFilter.cpp	5cadef17959b0202777ee9a68b1419ea	_CL_7aa6ac21	1
src/system/ui/LocalePanel.cpp	4d293e01655b540cee31a0e22ca87d88	_CL_0939f152	1
src/system/ui/PanelDir.cpp	6b07e2e5d491978903545ff2abe5879a	_CL_3c428ec0	1
src/system/ui/UIListMesh.cpp	8605fbee4cb35953508ed79819e7c94c	_CL_417b8b72	1
src/system/ui/UIListWidget.cpp	6bcf9ec1ff2a45bd1e2a3549d3e9de3c	_CL_ae845f5e	1
src/system/utl/Compress.cpp	8a10b6410e227f18aec00fd387e5d134	_CL_9b376ebb	1
src/system/utl/Option.cpp	a3aa651960a62c1b015e2d5c214e8682	_CL_87b28d36	1
