cell	n	values	marks	source_order_idx
sw_rc000	22	-1943,-1865,-1523,-871,-751,-475,227,400,485,487,575,1171,1210,1638,2292,2655,2881,3084,3098,3359,3408,3539	17356,5603,16843,18478,7493,17279,16071,14733,2317,4701,20588,23754,8628,29473,26578,22495,24794,17570,4879,3033,3315,8371	14,17,1,7,19,12,16,0,15,10,6,21,13,5,18,8,4,11,3,20,2,9
sw_rc001	14	-1953,-1531,-833,-815,27,208,680,1037,1302,1870,1979,2635,3317,3585	24281,3931,15034,9118,18301,22001,4797,12844,26885,21549,29341,23821,9771,26382	9,3,0,13,4,10,1,11,12,8,6,5,2,7
sw_rc002	16	-1351,-1326,-808,-649,-460,-407,-379,-318,222,577,1073,1505,1874,2220,2391,3438	20886,7290,7545,8816,24049,29315,24273,5860,11522,26550,18347,4296,16613,11778,2410,17497	12,15,2,1,11,13,4,6,7,10,14,0,3,5,8,9
sw_rc003	22	-1692,-1367,-735,-691,-596,-218,-33,370,786,1020,1260,1339,1839,1927,2031,2090,2100,2242,2530,2540,3000,3099	6627,17963,23904,16189,5745,11947,16524,29377,24621,2782,21070,29164,24141,2137,10357,24190,19891,7674,3445,13565,22921,3723	4,13,19,1,14,16,5,11,12,9,17,0,3,18,6,2,21,8,20,10,7,15
sw_rc004	2	99,100	3769,18494	1,0
sw_rc005	5	80,200,201,202,203	18131,19731,21278,21367,4907	1,2,0,4,3
sw_rc006	3	89,90,91	22748,28215,5248	1,2,0
sw_rc007	6	0,1,2,3,4,5	13943,19834,18554,27912,24494,17295	4,1,3,0,2,5
sw_rc008	23	39,40,41,42,43,44,45,46,47,48,49,50,51,52,53,54,55,56,57,58,59,60,61	17989,7757,22321,26300,20029,23994,12654,7183,23775,4758,4934,24360,4246,22672,26964,3570,11033,28108,12147,25276,7745,2034,28729	7,14,8,19,2,10,15,22,13,3,12,21,6,16,18,1,9,11,5,4,17,0,20
sw_rc009	17	41,59,89,110,119,122,140,152,193,214,224,319,324,349,350,352,374	25930,19284,14339,2979,1680,1603,1342,15847,2641,20019,17110,13604,9828,24106,17367,16334,9346	3,9,1,0,16,13,4,2,7,5,15,10,11,14,6,12,8
sw_rc010	15	-1778,-1310,-1244,-760,-622,-422,-355,-173,129,583,1539,1804,2084,3067,3729	13838,2421,11426,16886,27766,15778,24475,3088,29995,19164,12246,1625,14270,8321,23012	8,13,6,10,11,3,12,4,9,14,5,7,1,2,0
sw_rc011	2	34,35	12883,18671	1,0
sw_rc012	8	24,32,143,282,311,338,368,378	9718,28410,17811,7810,8008,6759,21846,7383	1,4,3,6,2,0,7,5
sw_rc013	10	-1538,-695,-57,340,623,892,1085,1430,1612,2220	14453,10437,12516,1469,16097,1396,10667,16724,10993,1957	3,7,4,0,9,1,5,2,6,8
sw_rc014	21	33,34,35,36,37,38,39,40,41,42,43,44,45,46,47,48,49,50,51,52,53	7861,1535,26597,29528,13306,4186,5874,28730,11356,22154,3453,26174,13914,14746,26079,25707,16789,8036,7001,18887,5187	18,15,8,12,5,2,1,4,14,13,19,10,16,0,17,3,6,9,11,7,20
sw_rc015	6	-1411,633,846,1115,3067,3694	28237,17946,20223,3839,9592,9487	0,5,2,3,1,4
sw_rc016	11	-1800,-1782,-1468,-1356,-581,-458,103,710,1463,2072,3468	28474,19976,25907,8910,6424,20807,5364,23526,27122,28767,22122	3,6,8,10,5,1,7,2,0,9,4
sw_rc017	12	29,39,48,70,130,155,209,233,254,270,312,342	23235,10201,27653,24007,8023,24678,11979,8428,11540,29729,18420,28310	4,7,8,0,6,11,10,9,5,3,1,2
sw_rc018	2	325,760	22700,6573	1,0
sw_rc019	10	22,54,80,81,82,83,147,174,175,176	6379,14081,15387,6291,22593,26571,25129,24860,11355,3954	5,4,8,9,1,6,3,2,7,0
sw_rc020	19	-1938,-1697,-991,-773,-689,-555,-494,-359,544,887,1566,1716,1870,2043,3193,3470,3726,3768,3959	2222,15692,8186,24699,1717,6575,7881,14883,29171,14069,22985,9263,14440,20205,13888,6276,11283,2090,21530	11,5,0,17,1,14,15,7,3,13,16,6,18,10,2,12,4,8,9
sw_rc021	5	-1738,-1280,2804,3765,3847	20339,2621,7640,21066,10510	3,4,1,2,0
sw_rc022	8	21,22,23,24,25,26,27,28	23467,15748,23169,1845,10213,27778,28189,17976	5,6,0,7,3,4,1,2
sw_rc023	7	45,151,166,167,173,175,176	11723,2985,7323,16941,17011,1736,21342	6,0,5,2,1,4,3
sw_rc024	12	19,73,103,123,177,183,215,317,330,365,386,395	10157,1573,15266,29526,27912,7782,6104,27322,22037,14161,28962,12442	9,5,7,6,0,4,1,10,2,11,8,3
sw_rc025	14	19,31,48,95,104,108,120,168,248,284,332,341,378,380	18697,19125,24112,5727,1337,5832,21672,7678,4199,19099,19875,7637,2474,5144	8,6,10,1,0,3,13,2,11,5,12,9,7,4
sw_rc026	6	66,159,196,247,286,312	18881,10298,2590,18826,13895,2047	3,5,4,2,1,0
sw_rc027	7	68,166,167,168,169,185,186	18971,12195,25343,24050,9902,8861,11939	2,5,0,3,4,6,1
sw_rc028	19	10,11,12,13,14,15,16,17,18,19,20,21,22,23,24,25,26,27,28	18267,13180,1181,27487,2938,18334,5306,9426,20499,13686,4119,19134,16527,9186,16447,29989,10299,23116,24197	9,2,18,15,0,1,4,14,11,5,6,8,10,7,16,17,3,13,12
sw_rc029	21	7,8,9,10,11,15,16,58,59,60,61,70,99,136,137,143,166,200,201,202,203	19508,26871,28765,26077,24250,11606,15155,25608,13876,16583,4127,22826,23659,3679,24261,16624,15442,9043,10281,22373,11536	10,5,7,19,0,9,13,4,15,18,17,8,12,6,16,1,2,20,14,11,3
sw_rc030	4	170,171,172,173	22065,12282,25665,7584	0,1,3,2
sw_rc031	6	4,5,6,7,8,9	11897,17714,21950,20761,22308,7181	1,0,2,5,3,4
sw_rc032	12	-1738,-1223,-976,211,456,584,694,1488,1718,1841,2836,3232	15925,29546,19647,15732,17453,20547,28526,2551,29481,9344,15239,29944	10,3,4,7,6,5,9,1,11,2,0,8
sw_rc033	20	19,20,21,23,30,31,32,50,51,52,82,83,132,133,147,154,165,168,169,170	12745,14506,9039,5267,26637,2817,27402,12840,4734,20238,16748,15923,22573,28143,20253,25530,15268,20811,15765,19857	13,16,6,7,17,9,8,2,0,14,19,4,11,1,15,3,12,18,10,5
sw_rc034	18	-1949,-1375,-1129,-971,-731,-581,-578,-2,76,778,995,1827,2469,2945,3602,3756,3789,3997	2107,19846,23594,2454,10133,28917,16916,18922,12341,10859,7447,22959,13592,9408,7779,4575,26823,4972	0,16,13,9,12,6,1,5,11,3,2,10,17,15,14,4,8,7
sw_rc035	22	19,20,90,91,92,93,121,122,124,125,139,140,141,142,171,172,173,174,185,186,187,396	4840,24988,27593,21824,6541,29096,3472,22399,21993,9946,25389,14191,5151,27513,24367,16209,15422,3947,16066,3751,16534,14804	2,15,13,12,6,19,11,0,14,4,21,18,8,1,20,10,3,9,5,16,7,17
sw_rc036	7	4,139,160,168,169,170,171	29675,16745,12008,18914,19453,18144,5813	0,6,1,2,3,5,4
sw_rc037	14	72,73,74,106,128,129,146,147,148,157,158,200,203,394	18478,21804,22622,11347,24820,25573,17405,4935,24002,5779,22285,13498,14971,11179	7,4,2,3,9,8,11,5,10,13,0,12,1,6
sw_rc038	11	35,36,55,79,80,104,133,134,192,193,194	7778,5751,2202,10145,21029,13704,6463,2919,11134,19812,13106	7,8,10,3,1,0,4,6,2,5,9
sw_rc039	7	-1077,-350,492,1269,2108,2562,3505	22897,9994,27139,20915,8446,19928,13240	6,4,0,5,1,2,3
sw_rc040	24	31,32,33,34,35,36,37,38,39,40,41,42,43,44,45,46,47,48,49,50,51,52,53,54	8816,29344,25709,22749,23734,18203,8432,22537,23338,27264,10817,5223,7045,18071,12437,11729,17283,6964,27223,8929,8970,17697,5809,10647	23,12,22,0,4,7,2,21,18,9,5,11,15,14,1,10,17,20,19,13,3,6,16,8
sw_rc041	18	-1,0,1,2,3,4,5,6,7,8,9,10,11,12,13,14,15,16	24332,3182,14295,22695,24826,14642,29791,7490,12197,25239,13233,29852,3856,16240,6577,29923,14829,13820	12,9,3,16,1,15,5,8,2,6,14,11,17,4,0,10,7,13
sw_rc042	8	-768,595,1273,1415,2620,3222,3236,3246	9743,4092,1999,7829,4356,18887,1679,26073	3,6,7,5,0,2,1,4
sw_rc043	6	106,205,208,293,354,388	17592,6061,5238,23508,19721,19302	5,3,2,4,0,1
sw_rc044	19	-1852,-1713,-1554,-1337,-1058,-956,-290,-222,254,805,1081,1625,1948,2203,2226,2653,3390,3487,3778	5890,14112,29339,2889,1760,22036,1071,17702,15826,18673,1299,21621,5054,5820,12649,3460,16073,7128,28810	14,0,5,4,17,18,1,16,13,7,10,8,3,6,15,11,9,12,2
sw_rc045	18	3,4,5,6,17,18,19,20,67,68,69,81,96,141,142,189,192,193	3941,7733,14918,4921,16583,29503,26810,24097,17465,13374,19445,22358,4411,23724,19016,28139,10956,14185	9,17,12,3,1,0,16,4,14,5,13,15,11,2,10,8,6,7
sw_rc046	5	89,254,259,275,295	22121,3182,14763,9593,7511	3,1,4,0,2
sw_rc047	2	85,182	3538,5253	1,0
sw_rc048	2	168,169	11641,13645	0,1
sw_rc049	17	30,34,45,64,111,175,235,242,243,282,283,287,300,307,396,397,398	4836,2744,1393,26944,6631,2040,15954,24870,17665,4313,13926,18520,8211,21877,7863,2782,20169	11,9,1,6,5,4,13,15,0,12,16,10,14,2,3,7,8
sw_rc050	11	13,69,151,152,153,154,178,191,192,193,194	15255,8868,29311,13344,28506,29623,4268,18819,6766,6430,8210	6,0,9,7,4,5,10,1,3,8,2
sw_rc051	10	-979,1246,2061,2435,2532,3335,3489,3547,3690,3967	8311,4278,24282,29894,20200,15456,14905,24389,15170,17181	3,8,2,9,1,7,5,6,4,0
sw_rc052	14	-1,0,1,2,3,4,5,6,7,8,9,10,11,12	21008,9985,21290,8015,8538,17035,16754,19251,8970,6909,16697,14545,16890,18387	5,13,0,7,1,12,8,2,11,3,6,4,9,10
sw_rc053	5	133,159,175,287,388	22449,6288,24176,20049,18596	2,0,3,1,4
sw_rc054	3	-779,-151,2117	11805,7610,12860	0,2,1
sw_rc055	8	-3,-2,-1,0,1,2,3,4	10411,15272,7279,21393,8564,5904,19432,5718	2,3,7,5,6,4,0,1
sw_rc056	3	-757,1839,2937	1876,27203,4519	1,2,0
sw_rc057	12	-1809,-1344,-1033,-873,-389,60,1150,1231,1961,3085,3501,3986	19123,18206,25242,2478,19324,22850,8374,8310,29037,17567,3207,5257	5,0,10,6,11,1,9,4,3,8,7,2
sw_rc058	18	84,98,99,107,120,133,165,200,228,232,249,250,293,325,351,352,353,381	20867,22333,21149,12461,17343,2562,11314,10657,16212,4710,23551,9894,26855,6544,16982,1824,27645,1787	8,14,4,11,12,0,13,2,6,7,5,9,15,17,1,16,3,10
sw_rc059	7	14,15,16,17,18,19,20	25080,1963,22296,3552,28531,21216,11652	6,2,5,0,4,3,1
sw_rc060	9	37,40,133,181,186,230,235,239,335	2306,1979,5197,9610,14649,3722,7874,24528,23461	2,4,8,1,0,3,5,7,6
sw_rc061	13	32,59,105,107,123,131,154,161,176,236,245,364,373	29410,20638,28530,13787,8779,16827,12670,26104,3359,10791,26381,14348,23271	12,1,11,7,2,6,9,3,10,0,5,8,4
sw_rc062	6	127,128,181,182,183,184	21878,12151,27055,2408,6867,1140	5,2,0,4,3,1
sw_rc063	9	-1743,-1672,-714,1568,1690,1871,2038,3320,3476	1584,7704,3030,27384,3941,9994,29983,12883,11049	8,2,4,0,1,3,7,5,6
sw_rc064	15	20,21,22,23,24,25,26,27,28,29,30,31,32,33,34	26528,7017,22164,19342,17511,5528,1306,29779,29527,25450,21069,27432,14107,25887,21291	3,2,9,13,14,7,8,1,6,5,10,12,11,4,0
sw_rc065	19	26,27,28,29,31,32,33,36,37,38,52,53,119,120,121,122,173,174,175	5937,5501,1374,9664,20183,24592,24429,8535,26253,5009,27135,6652,18577,2327,17569,12859,19878,28838,25670	16,7,12,8,13,17,10,1,0,18,11,15,5,9,2,3,6,4,14
sw_rc066	15	25,26,27,28,29,30,31,32,33,34,35,36,37,38,39	7140,25246,29904,2437,2076,11486,16092,29859,8891,24607,25976,15794,27569,8737,27714	11,10,14,6,9,8,5,3,1,13,0,4,7,12,2
sw_rc067	5	4,61,62,63,114	20235,23035,28543,18291,1246	0,1,3,4,2
sw_rc068	14	-1938,-1228,-533,-530,-410,206,1022,1253,1401,2961,3111,3202,3279,3877	16358,12451,19814,1796,26331,7882,16554,25917,27193,19676,4910,27894,18808,14907	10,12,6,4,9,7,0,5,13,2,8,3,11,1
sw_rc069	16	55,56,57,58,83,84,114,115,126,156,157,158,163,164,190,191	26331,20803,15452,4865,3346,19125,9118,27265,14353,29689,4311,25881,27046,2572,4917,21181	0,13,9,5,10,14,4,7,6,15,1,8,3,2,12,11
sw_rc070	2	488,3438	23257,29617	1,0
sw_rc071	21	-1919,-1833,-1620,-1208,-1204,-1169,-485,-333,132,844,914,1028,1059,1171,1239,1732,1861,1875,3173,3543,3634	14892,21886,22829,25087,15156,13902,11626,1520,10126,1907,1259,29365,26191,20856,24263,5281,12093,11162,6904,23094,14696	7,19,13,16,9,18,5,0,3,8,15,4,14,6,1,20,12,2,11,17,10
sw_rc072	11	12,19,23,65,163,199,218,248,258,352,373	16157,28566,20793,17563,8347,9934,13075,26496,26111,10686,4881	8,1,4,6,3,9,2,0,5,10,7
sw_rc073	9	-1893,-1612,316,523,1082,1708,2139,2434,3363	12434,18514,11761,8052,29564,15554,2366,23683,25414	2,4,1,5,6,7,0,3,8
sw_rc074	13	-1767,-834,-386,1247,1445,1808,2654,2732,2878,3187,3313,3750,3983	5008,18939,4696,22416,15373,17929,19376,13332,5882,22648,22165,27959,29796	3,8,6,7,0,1,9,4,12,10,2,5,11
sw_rc075	18	44,45,52,56,86,110,112,162,163,182,184,189,206,226,280,283,362,392	5679,11215,22691,18703,21742,21943,22143,17076,11874,13720,2779,13358,25185,1843,10442,2815,12213,15190	4,0,13,6,12,17,5,16,7,10,1,11,3,15,14,9,8,2
sw_rc076	16	-1588,-1314,-954,-50,313,896,998,1363,1795,1818,2016,2164,2228,2283,2761,3682	16057,11276,19536,24094,18113,19566,8701,13324,11146,12360,14576,19985,28041,28050,27503,2831	9,8,10,14,1,11,12,2,7,13,5,4,6,3,15,0
sw_rc077	17	-979,-772,-718,-644,-613,-503,-110,-58,536,675,1317,1411,1466,2774,3371,3386,3443	22102,23966,4816,25593,2661,23041,7608,14408,16210,29510,3319,13084,1336,22266,7147,14366,4639	0,14,8,15,13,4,10,5,11,12,3,16,1,2,7,9,6
sw_rc078	9	28,29,30,31,32,33,34,35,36	7219,28676,19357,16442,1459,3848,4655,26136,20308	6,7,3,8,4,5,0,1,2
sw_rc079	3	143,144,145	1082,6822,27834	2,1,0
sw_rc080	19	38,52,57,109,114,121,128,144,154,155,173,197,210,303,312,338,364,396,397	7738,18972,23780,16694,1023,28517,26792,14292,8474,9470,10129,15892,22990,5745,29533,21539,20385,19159,19515	2,11,12,18,17,5,6,3,4,8,0,9,10,15,1,14,13,16,7
sw_rc081	22	12,13,14,15,16,17,18,19,20,21,22,23,24,25,26,27,28,29,30,31,32,33	11000,26060,19458,2081,23015,15312,6609,1668,24445,13077,20237,18596,6834,15852,12684,15913,11564,15642,2004,26101,21889,20588	16,21,17,13,20,2,9,18,7,14,8,4,5,19,6,1,15,11,3,10,12,0
sw_rc082	15	61,71,90,92,101,108,142,167,200,202,228,246,268,306,396	20115,27627,20778,14162,25193,20518,21064,18142,6941,10357,7979,23814,17934,27775,9015	11,5,10,12,13,4,3,8,2,1,0,9,6,7,14
sw_rc083	13	-1394,-355,272,1074,1105,1267,1514,1886,1956,1979,2474,2625,3069	14248,25248,14783,10568,6779,27188,2687,14631,20934,14765,29233,29795,16369	9,8,3,10,4,2,11,12,0,7,1,6,5
sw_rc084	16	55,79,116,131,182,224,234,244,245,265,292,311,323,334,390,395	17788,5281,1730,26435,17413,27607,29008,18676,22520,16033,19232,13285,25277,17504,27482,1944	8,5,3,15,11,6,4,13,12,14,2,0,7,1,9,10
sw_rc085	23	0,31,46,58,89,102,106,120,144,184,189,226,242,268,276,279,294,301,326,352,374,389,392	24220,15009,18124,11932,19584,29396,27106,26378,27321,4552,19509,28964,1250,29218,27738,5988,21728,21086,15086,12182,22943,21267,4819	4,20,7,12,1,10,2,8,18,15,11,3,0,16,19,17,13,22,9,14,5,21,6
sw_rc086	3	2,3,63	19708,6918,26603	1,2,0
sw_rc087	7	-919,-336,-23,652,2455,3389,3703	2259,14084,12341,10966,24624,7164,22663	0,6,3,4,2,5,1
sw_rc088	11	11,24,25,26,148,149,150,151,159,160,161	26004,1242,12859,3038,13534,15311,1494,4984,26288,25411,5273	6,0,2,5,3,1,9,10,4,7,8
sw_rc089	3	-977,143,3575	11216,11206,24893	2,0,1
sw_rc090	4	95,120,121,122	13900,22195,9906,7496	0,2,1,3
sw_rc091	20	3,12,40,55,69,108,163,181,202,208,221,261,281,304,317,320,360,383,385,399	26566,24797,15063,21941,2650,12465,2867,4885,11084,25392,7009,12616,20272,18520,21091,20758,20325,8936,29650,24361	4,15,8,0,14,2,5,18,9,17,3,7,10,16,11,1,12,13,6,19
sw_rc092	23	47,81,87,120,154,162,193,197,224,244,263,266,274,285,295,308,311,315,329,343,350,377,380	15130,18295,19327,9256,28522,24028,16240,27441,28054,26785,1311,25432,2640,5720,13267,24502,13342,24330,9083,20322,15931,28836,24289	1,20,10,7,15,0,18,14,2,17,16,3,8,22,11,5,9,21,12,19,13,6,4
sw_rc093	17	1,37,103,109,110,111,112,122,123,124,128,129,130,147,148,149,169	26300,16743,6149,18520,13985,8883,3102,7950,29790,7582,3388,12924,18439,2102,25497,8260,24162	11,9,15,0,1,16,10,6,4,7,8,13,14,5,12,2,3
sw_rc094	14	16,38,88,100,105,131,161,213,257,261,282,311,352,373	15315,18229,9010,1192,1035,9017,2303,2879,3396,20154,4234,28791,23362,14021	13,4,9,0,5,2,3,6,8,11,12,7,1,10
sw_rc095	2	-1014,569	22834,19693	1,0
sw_rc096	9	-1279,-910,571,616,1291,2725,2755,2990,3793	11668,10552,15480,12535,21537,7167,24154,17272,6108	2,0,3,7,1,5,4,8,6
sw_rc097	5	19,20,21,22,23	17265,12936,4785,9375,29021	1,0,2,4,3
sw_rc098	5	138,167,182,248,349	11168,23264,27241,11442,7487	3,4,1,2,0
sw_rc099	9	35,116,117,131,132,187,188,189,190	7560,28717,10779,12915,16509,24404,3095,4927,1889	7,8,1,2,5,6,4,0,3
sw_rc100	19	66,90,99,111,127,130,148,156,195,201,207,229,236,283,290,321,334,377,394	14104,22434,24288,7713,14809,23993,15656,17485,28888,9345,14820,28990,1832,15691,22674,16714,16464,16813,26670	14,8,1,17,16,2,12,5,15,0,4,6,13,7,9,10,11,3,18
sw_rc101	23	21,22,23,24,25,26,27,28,29,30,31,32,33,34,35,36,37,38,39,40,41,42,43	17449,29790,14061,29014,16762,10758,4568,23545,5554,3904,15754,19175,22719,5919,17039,28984,27974,27897,12626,12979,6547,12697,1952	6,19,14,13,9,21,22,11,8,2,12,7,20,1,3,4,15,10,18,5,16,17,0
sw_rc102	11	8,10,47,144,214,231,285,298,334,356,376	21999,8505,6255,25001,19660,3939,21437,20598,5501,7878,10388	1,3,8,10,7,9,2,5,0,6,4
sw_rc103	4	30,31,32,33	3602,17769,22080,5562	3,1,2,0
sw_rc104	15	7,30,39,52,86,157,165,238,247,266,287,290,353,380,391	5255,22091,21446,21157,13185,1208,18589,18857,1488,13265,17492,28996,7592,18143,13564	8,14,0,7,6,3,12,13,4,2,5,9,11,1,10
sw_rc105	4	105,182,206,223	2082,3735,24763,10983	3,2,1,0
sw_rc106	24	9,10,11,12,13,14,15,16,17,18,19,20,21,22,23,24,25,26,27,28,29,30,31,32	2059,21516,28433,2056,2904,14536,5705,11084,4910,13099,9480,11122,3217,22503,2482,17579,16556,24108,18097,28306,10225,20293,1513,7967	9,2,11,6,7,14,0,16,17,20,1,4,23,22,12,19,3,13,15,18,8,5,21,10
sw_rc107	8	22,120,164,165,166,189,190,191	29382,19343,11518,4321,13084,10803,11420,14138	3,7,0,6,2,5,4,1
sw_rc108	10	-1850,-1248,-428,-216,231,627,734,2832,3874,3961	28277,14043,11780,17013,4264,26227,28767,1560,14407,20951	9,5,0,3,4,8,6,7,1,2
sw_rc109	22	20,21,22,23,24,25,26,27,28,29,30,31,32,33,34,35,36,37,38,39,40,41	2878,29889,26239,6205,14960,22076,28168,7379,19577,9409,23967,26957,15709,23281,13730,22472,26953,28532,26858,15530,1540,15006	5,10,12,14,1,15,16,18,21,13,6,3,20,11,4,19,9,2,8,17,0,7
sw_rc110	13	26,66,67,130,131,132,133,146,148,151,152,153,154	15722,2898,11996,29103,20614,12351,12170,18395,10795,16673,16261,8764,24213	10,11,1,3,9,12,7,8,4,5,0,6,2
sw_rc111	22	-1490,-1137,-991,-730,-615,-609,-450,-419,-356,-214,-200,-64,352,940,1094,1570,2649,3255,3446,3647,3701,3860	5991,16919,17664,12043,2952,10217,22554,21368,27388,18259,12407,18944,20848,7426,9382,7792,6094,5485,15473,10594,16218,6944	15,17,14,5,4,21,20,1,19,18,13,16,0,11,8,12,2,3,6,9,10,7
sw_rc112	24	4,6,14,71,79,97,111,120,124,129,132,133,152,179,188,216,236,245,247,334,336,350,386,393	5241,16067,16913,16626,13114,15845,13247,2947,13178,20156,7121,1307,29989,28561,19710,23107,3050,22145,28074,22268,20120,28729,6956,11997	11,15,7,20,3,4,21,13,5,14,23,19,6,18,12,2,1,22,10,9,0,17,16,8
sw_rc113	8	-1926,-443,625,661,681,1069,3786,3884	23570,28108,24170,3010,17311,10177,14895,16408	0,1,2,4,7,5,3,6
sw_rc114	20	17,34,35,50,51,55,56,57,63,64,65,66,67,68,109,110,111,140,168,169	13969,19950,16202,13202,29312,2452,18654,7023,13396,4009,18991,12945,20382,19802,4873,25506,6924,10620,29977,12326	0,12,8,3,4,19,2,17,1,11,15,9,18,10,13,16,5,6,7,14
sw_rc115	2	136,280	7355,7262	0,1
sw_rc116	3	45,134,135	2408,23779,8724	2,0,1
sw_rc117	15	18,19,20,21,22,65,116,148,149,150,151,167,185,186,249	11638,21452,1761,8942,24253,26215,21800,5096,22075,22967,6403,13321,19068,12732,25432	13,3,0,12,14,6,5,2,8,10,7,4,9,11,1
sw_rc118	6	-898,-834,-65,2645,3089,3367	1441,20416,29589,9476,28412,12930	3,1,0,4,5,2
sw_rc119	11	-978,-812,-794,1033,1633,1972,2086,2383,3229,3532,3699	19972,20702,13424,14149,26967,29358,5018,17245,5090,11337,26736	2,7,3,5,9,4,6,8,10,1,0
sw_rc120	2	80,181	16329,16053	0,1
sw_rc121	22	-2,-1,0,1,2,3,4,5,6,7,8,9,10,11,12,13,14,15,16,17,18,19	1187,4262,3957,18949,2932,7977,21207,23580,21771,2432,12502,18380,24222,13375,18494,21356,11903,27665,3166,8233,5519,16530	14,20,1,5,0,10,8,21,16,11,18,13,12,17,9,7,3,19,4,15,6,2
sw_rc122	13	45,47,53,108,130,138,142,202,291,310,317,379,390	10409,25902,23387,11061,13222,9080,20274,1992,27214,18767,22278,16548,10278	5,11,2,1,9,12,8,6,0,7,3,10,4
sw_rc123	16	2,3,4,5,6,7,8,9,10,11,12,13,14,15,16,17	29790,15780,25699,23649,10460,26135,22301,24257,22594,29727,11579,11532,24864,29369,22788,1902	14,3,10,7,5,12,8,6,11,0,9,2,4,15,1,13
sw_rc124	18	37,41,42,43,48,76,91,92,115,117,118,137,138,139,140,184,185,351	4325,9804,15041,1131,18939,11778,9989,1284,5443,24818,8097,21353,24196,14640,9305,19978,16632,1335	3,12,2,9,14,0,15,4,16,5,7,8,10,6,17,13,11,1
sw_rc125	2	233,366	13182,27070	1,0
sw_rc126	20	-4,-3,-2,-1,0,1,2,3,4,5,6,7,8,9,10,11,12,13,14,15	28103,29791,13586,2841,13928,11800,19780,25719,21574,9875,2370,12311,28817,9472,28663,6910,16183,13448,21717,18576	3,15,4,14,11,13,0,6,19,16,12,2,18,10,1,17,5,9,8,7
sw_rc127	14	18,50,69,116,139,198,216,237,261,272,276,319,325,389	9328,3428,4581,28966,4729,18883,25325,14143,17057,16850,6284,17623,21185,6013	11,2,0,7,8,1,12,6,10,4,13,9,5,3
sw_rc128	19	4,5,6,7,87,88,89,114,146,147,148,160,161,162,163,176,177,178,179	25634,14297,12532,12137,22767,7702,9719,7889,16996,4483,8999,10228,16065,21985,3898,22203,6579,9336,7699	18,11,10,1,7,0,16,8,17,12,6,14,3,2,4,15,5,13,9
sw_rc129	3	16,85,236	13229,4120,4134	1,2,0
sw_rc130	19	-1467,-752,-596,-179,714,890,1041,1447,1519,1624,1742,1839,3411,3734,3807,3817,3834,3902,3945	22811,23232,18543,4814,20919,15471,25490,8905,12437,22186,23941,20407,9662,27590,4105,28410,24862,16758,4840	6,7,16,18,14,12,8,0,2,3,15,17,4,11,10,9,5,13,1
sw_rc131	17	28,29,33,34,72,73,93,127,128,129,155,156,157,159,160,161,162	27316,27374,8992,13751,22479,19780,29132,20869,27389,22337,15994,17850,10354,19608,15111,17825,8635	14,1,12,9,11,3,13,7,5,16,4,2,10,8,15,0,6
sw_rc132	5	-1576,-916,-95,351,3013	29068,2012,24148,4346,3835	1,0,2,3,4
sw_rc133	21	4,5,6,7,45,46,47,48,49,58,77,78,111,112,113,124,146,147,148,149,385	11204,14969,9812,24801,15771,20064,29182,13357,26343,23846,25849,16884,12554,10404,6551,11101,12114,3209,21505,12682,26592	13,8,11,1,5,0,2,17,12,3,15,19,18,9,16,7,4,14,6,10,20
sw_rc134	15	9,10,11,12,13,14,15,16,17,18,19,20,21,22,23	24205,24341,26669,16342,9593,14595,12318,17885,3208,24832,20945,28007,13958,6991,4212	1,8,9,4,0,7,10,11,14,5,12,2,13,3,6
sw_rc135	17	36,37,38,39,40,41,42,43,44,45,46,47,48,49,50,51,52	21536,26036,10433,3982,28748,21058,21820,20687,10693,2811,22727,1192,26618,22364,15381,19118,13877	8,2,6,3,11,14,12,4,1,5,15,13,0,10,7,9,16
sw_rc136	3	134,232,256	25365,9244,16496	0,1,2
sw_rc137	16	79,82,99,100,152,188,219,253,288,301,313,314,335,365,368,388	17166,26356,2280,7048,10939,28068,11851,4310,8625,29053,4527,16905,9513,8605,19646,5888	14,8,7,5,4,15,11,2,10,1,9,12,0,3,6,13
sw_rc138	12	-1933,-1568,-1262,-963,934,1275,1468,1841,1976,2288,2449,2905	11978,29669,4802,17235,19248,22942,23791,17728,13444,6581,3896,15523	10,5,7,0,1,11,8,6,9,4,2,3
sw_rc139	7	1,2,3,4,5,6,7	16211,22493,23178,4756,2950,1886,11666	4,3,1,6,2,5,0
sw_rc140	19	28,29,30,48,49,50,51,60,61,62,63,142,153,154,168,172,173,193,197	10644,12261,28513,22765,2825,18582,6537,2305,3856,28775,8959,21967,1190,29968,28369,10107,21939,12573,22882	0,11,13,5,15,7,6,8,17,16,2,18,3,9,10,14,12,4,1
sw_rc141	8	-3,-2,-1,0,1,2,3,4	27772,5143,7105,11224,19985,13793,25698,8240	4,1,5,2,7,0,3,6
sw_rc142	12	80,126,140,149,160,167,204,292,295,334,389,398	20993,2000,27349,22816,1058,16977,6746,22995,28996,27313,16924,12630	11,1,5,4,3,0,2,10,7,6,9,8
sw_rc143	2	7,8	14997,3832	0,1
sw_rc144	6	-2,-1,0,1,2,3	6059,10944,3567,20743,9894,22234	0,1,4,3,2,5
sw_rc145	10	65,94,100,111,155,179,242,249,300,346	21326,26106,15566,24461,4779,1499,3183,22374,4436,23007	9,7,8,0,3,1,6,4,5,2
sw_rc146	11	3,4,7,8,70,71,72,73,106,107,136	26190,2311,2074,6741,4672,14542,29090,20592,1362,1979,12151	10,5,1,3,6,7,4,9,0,8,2
sw_rc147	10	27,28,29,30,31,32,33,34,35,36	29343,5812,8144,19820,28760,11406,29741,8119,11216,10370	1,4,9,6,7,0,5,3,8,2
sw_rc148	18	1,2,3,4,5,6,7,41,42,43,86,87,91,92,93,95,106,107	1509,5372,28191,11337,10787,27688,25541,11867,9456,4094,24176,8845,19307,19164,8701,11663,3472,1722	2,16,9,8,13,3,4,5,10,17,12,0,7,6,14,15,1,11
sw_rc149	16	25,26,27,28,29,30,31,32,33,34,35,36,37,38,39,40	22958,9074,25257,21145,21557,1752,24647,6142,16752,2361,16361,3993,14066,29976,5581,16275	8,4,5,6,9,13,11,0,15,3,7,1,12,10,14,2
sw_rc150	17	17,18,42,43,44,45,62,65,66,67,90,91,165,166,167,168,179	13109,24643,26973,9943,18814,26942,3554,22703,15085,28652,4331,11350,4192,24907,20430,1821,26057	16,6,9,11,15,2,1,7,4,13,0,12,8,3,10,14,5
sw_rc151	12	7,8,9,49,53,61,62,63,139,140,193,195	5966,5853,23950,21213,17745,6999,3142,25436,28450,15401,21883,21831	3,2,9,4,11,6,5,7,0,8,1,10
sw_rc152	2	-1259,361	24586,20830	1,0
sw_rc153	14	31,32,33,34,35,36,37,38,39,40,41,42,43,44	1866,1013,7581,8777,10898,19847,10266,12545,8636,20355,28317,1060,5091,4514	13,10,9,1,7,5,4,12,6,8,0,11,3,2
sw_rc154	8	69,94,133,151,222,298,299,375	7173,17699,1004,9986,12346,13651,9026,8629	3,7,5,0,6,1,2,4
sw_rc155	15	16,17,18,19,20,21,22,23,24,25,26,27,28,29,30	20794,27620,5845,16531,22592,20374,14906,26193,6510,28849,4024,28581,4563,27409,11154	11,3,13,4,5,6,0,14,2,7,10,9,8,12,1
sw_rc156	20	43,44,45,46,105,106,107,123,124,125,141,153,161,162,163,181,182,183,184,188	29543,16882,27455,2761,7198,7671,5396,2566,13287,8563,22033,25991,7344,4746,28213,26283,20597,25417,25225,25216	17,12,11,19,1,14,6,5,8,9,10,7,2,15,0,18,3,16,4,13
sw_rc157	2	201,378	4167,16917	0,1
sw_rc158	16	30,31,32,33,34,35,36,37,38,39,40,41,42,43,44,45	9840,16039,19227,14668,8597,7286,25953,14323,7647,1308,25307,3717,2160,29940,16177,13784	4,8,9,5,3,14,0,1,10,15,6,12,7,2,11,13
sw_rc159	12	-1839,-1797,-994,-490,-213,-141,-37,817,940,1588,1830,3458	21072,24995,5604,9501,16672,8213,4994,23848,22878,21331,26976,4578	11,2,4,8,10,3,7,5,1,9,0,6
sw_rc160	19	8,9,10,11,12,13,14,15,16,17,18,19,20,21,22,23,24,25,26	22892,29636,5251,12267,2651,22269,20221,25670,28093,5673,26212,24105,11050,14945,7839,15971,13733,6848,7393	10,16,12,15,4,14,0,13,8,11,18,2,7,1,6,9,5,3,17
sw_rc161	17	1,2,3,4,5,6,7,8,9,10,11,12,13,14,15,16,17	29620,5371,14903,29604,6074,3942,5435,15274,17262,9303,10467,17603,5333,10854,2947,4754,1655	4,13,1,16,5,6,15,3,11,2,12,7,0,9,14,10,8
sw_rc162	10	1,2,3,4,5,6,7,8,9,10	21979,24952,6680,5912,16654,27736,6909,3295,15637,20169	5,6,2,1,0,8,4,7,3,9
sw_rc163	20	31,57,59,94,121,185,190,212,213,214,223,240,245,266,283,284,289,315,353,365	22782,19723,28470,22952,14244,25966,6767,17777,23358,7827,13892,27246,12152,5425,7985,9088,2695,3062,14995,26561	3,15,19,4,9,17,6,0,2,7,16,13,8,14,11,10,12,18,5,1
sw_rc164	8	-1910,-1649,-796,12,809,895,918,1269	9462,9405,11933,8232,4453,17907,17263,29356	3,0,2,4,7,5,6,1
sw_rc165	20	-1811,-1269,-874,-525,537,624,1302,1358,1507,1528,1577,1792,2050,2486,2907,3153,3291,3507,3660,3713	29457,16239,3688,21491,16584,22170,3877,13987,16701,22453,4484,17391,7849,29435,29015,7129,9381,16941,19643,10164	1,8,4,18,19,12,13,6,17,2,0,7,3,10,16,11,14,5,9,15
sw_rc166	14	11,12,13,27,28,59,60,83,84,132,133,134,135,149	8974,14100,14717,19889,23938,7193,21403,15261,12489,22045,14671,15562,15950,22316	13,12,8,10,6,5,0,3,9,2,4,11,7,1
sw_rc167	2	19,122	1929,14376	1,0
sw_rc168	15	-1407,-1010,-931,24,255,499,680,774,1240,2127,2196,2243,3752,3842,3957	14633,18753,8610,13688,16203,5894,4722,1451,13736,25805,15498,5888,9799,2380,11795	3,2,14,6,5,7,0,4,12,13,1,9,10,11,8
sw_rc169	7	-1121,-561,576,973,1237,3074,3395	11082,5257,8860,1216,25076,18352,1848	2,4,3,0,5,6,1
sw_rc170	11	14,15,16,17,98,121,122,123,124,168,169	1465,12525,11549,12230,14912,6965,12383,25347,15860,15835,21584	4,8,10,5,3,2,9,0,6,1,7
sw_rc171	22	0,15,45,69,89,96,121,125,157,189,192,225,248,249,284,296,308,314,362,378,393,399	6294,4011,18239,27748,13297,21957,22845,26324,18189,18206,16353,4159,20585,13991,13663,17412,2858,17017,3898,23820,2202,9708	16,10,0,12,11,5,17,18,8,7,13,3,9,20,19,1,2,4,6,14,15,21
sw_rc172	9	-1651,-1242,-920,-238,-123,1397,1437,1603,2208	5607,1811,20644,5363,19914,10188,9128,14794,29028	5,7,6,4,3,1,2,8,0
sw_rc173	19	36,37,38,45,46,54,55,56,63,64,65,74,75,121,147,148,149,150,165	6809,9687,23248,16463,4308,4037,2237,19569,7885,21580,8414,23434,8761,8785,11897,16034,16491,4007,13088	3,14,1,10,13,17,4,2,6,9,12,5,0,15,7,18,8,11,16
sw_rc174	16	0,11,77,80,119,152,240,255,293,298,355,357,363,366,384,393	27198,27451,18302,21122,9624,17642,5851,29259,17060,9960,14500,10914,10691,12181,7826,11521	0,6,11,12,9,7,5,3,15,4,1,14,13,8,10,2
sw_rc175	22	-1871,-1767,-1598,-1175,-985,-437,-435,268,433,626,995,1178,1496,2091,2289,2446,2556,3182,3205,3379,3619,3854	9091,16769,26407,17845,9657,17876,21111,24779,21630,17311,22797,13039,1912,5923,17681,17190,10043,2948,1963,23029,18112,24462	20,3,0,10,1,2,7,4,19,5,15,8,12,13,6,17,14,9,16,18,11,21
sw_rc176	21	16,20,21,22,23,28,29,49,50,62,63,64,127,128,129,165,166,168,195,196,197	6752,18373,19552,6528,2188,18269,20457,20445,17917,13406,27513,10227,17227,26854,20893,4748,13974,23338,28359,12960,16263	13,2,9,7,19,16,18,4,8,5,17,0,15,20,3,6,10,1,14,12,11
sw_rc177	14	-1888,-1023,-704,611,661,941,2020,2207,2489,2896,3149,3533,3568,3842	29464,11739,19680,13356,6614,24319,5419,11902,17779,26894,18936,8390,2396,5430	8,5,10,0,3,12,4,1,7,6,11,13,2,9
sw_rc178	15	34,35,36,37,38,39,40,41,42,43,44,45,46,47,48	19871,2702,28653,2571,27133,9970,22056,9510,14442,25429,20278,7688,24408,28392,8940	13,2,11,8,6,1,12,14,7,4,10,0,9,5,3
sw_rc179	20	1,2,3,4,5,6,7,8,9,10,11,12,13,14,15,16,17,18,19,20	26845,14334,22289,26862,17086,20094,25158,25743,7558,12895,13403,11174,19511,18404,29533,20506,24846,28407,11069,9982	5,19,11,2,1,14,6,13,16,3,10,8,12,9,17,7,18,4,15,0
sw_rc180	7	43,74,75,152,160,238,321	17474,9502,25073,21011,22927,25527,24672	2,4,5,1,3,6,0
sw_rc181	21	-1870,-1754,-1572,-1538,-1232,-1101,-222,315,434,901,936,1301,1361,1481,1494,1574,2398,2628,2718,3740,3842	12396,2293,1218,25701,11050,2874,24242,5107,25254,13725,9691,28492,14854,13799,9973,23845,6540,12767,5276,17114,26325	8,1,4,13,12,9,0,20,10,7,16,6,15,5,17,11,19,3,18,14,2
sw_rc182	12	3,4,5,6,7,8,9,10,11,12,13,14	22347,6085,28955,3065,17115,29917,5212,18333,14520,11767,27702,9576	4,11,2,9,10,6,1,7,5,8,0,3
sw_rc183	2	165,166	11362,20830	0,1
sw_rc184	15	-1288,-924,-901,-424,39,93,171,460,688,826,845,1784,2171,3113,3305	12569,14747,28857,6323,11915,13638,19845,28400,18253,28856,22143,2946,9592,12759,6587	9,10,0,2,6,11,1,4,5,13,3,12,14,8,7
sw_rc185	16	4,5,6,7,8,9,10,11,12,13,14,15,16,17,18,19	16541,21615,23560,27275,13208,27372,8779,28143,22520,15669,6373,17341,28870,11412,7386,26271	6,2,11,5,9,0,13,7,3,1,12,10,8,15,14,4
sw_rc186	12	27,28,29,30,71,72,73,74,115,163,164,165	28133,8075,24168,14845,5925,21456,3923,5640,6803,12762,26534,7259	6,1,0,4,3,5,2,7,9,10,11,8
sw_rc187	2	65,66	12374,20884	0,1
sw_rc188	10	29,30,31,32,33,34,35,36,37,38	2035,9927,18686,18600,23139,24404,1897,6183,8999,16987	3,4,0,1,5,8,6,2,7,9
sw_rc189	2	30,31	28536,17771	0,1
sw_rc190	12	14,15,16,17,18,19,20,21,22,23,24,25	11100,11349,22205,8397,8230,20568,10129,10576,15137,10473,28318,17103	10,7,0,2,5,6,1,8,9,3,11,4
sw_rc191	21	3,64,70,79,92,93,100,119,169,197,238,259,264,267,271,273,327,338,373,398,399	18310,17362,28237,7861,14923,16472,11418,9893,4296,4640,4097,24671,17994,6198,26552,24539,22381,19026,22803,10426,1226	18,20,2,0,17,5,19,4,1,13,3,12,9,15,14,16,7,11,10,6,8
sw_rc192	17	9,10,11,12,13,14,15,16,17,18,19,20,21,22,23,24,25	13510,16480,16175,24058,6315,2940,4604,14917,28373,24758,25785,22181,24926,27447,23333,2045,26762	2,8,4,11,5,0,3,10,12,6,1,7,13,15,14,9,16
sw_rc193	6	20,21,22,23,24,25	19145,27780,26663,6905,2378,8501	0,4,5,1,2,3
sw_rc194	14	4,29,60,119,130,153,190,211,239,250,272,303,315,342	20935,16040,29793,18716,21287,16284,4218,14648,9396,17091,28604,19393,11657,28265	4,8,12,13,2,11,9,5,3,0,10,6,7,1
sw_rc195	2	-1913,3134	5599,24895	0,1
sw_rc196	19	8,9,13,14,29,51,52,97,98,99,100,137,155,156,161,162,172,173,195	27905,2806,6011,14841,27923,26135,12561,18658,20939,10701,13317,23645,7958,15859,6907,18078,13683,9409,8612	9,14,6,13,8,5,15,18,2,16,11,1,4,0,7,17,10,3,12
sw_rc197	14	27,28,29,41,42,43,44,98,99,136,137,138,175,176	16750,27294,15641,20487,2420,26187,22682,17049,8777,28656,25491,16326,1714,8278	7,9,8,2,10,1,5,6,0,11,13,4,12,3
sw_rc198	4	-140,-98,2577,3349	25282,7742,1855,21741	0,3,1,2
sw_rc199	4	15,16,17,18	15900,7809,9712,26371	2,1,3,0
sw_rc200	7	11,12,13,14,15,16,17	12653,1884,14219,20522,12581,1462,10290	5,3,1,2,0,4,6
sw_rc201	13	7,30,36,65,121,173,188,191,245,277,356,357,366	21644,18723,11524,12800,1459,25691,18241,18164,19952,19238,8290,29052,28501	6,0,9,10,12,5,3,1,11,8,2,7,4
sw_rc202	13	74,75,76,77,132,133,134,161,162,163,164,182,199	10004,22684,14844,15796,28770,20483,1967,21816,8501,5493,16055,18843,22404	7,11,1,3,6,10,4,12,9,5,8,0,2
sw_rc203	6	4,5,6,7,8,9	20177,9390,7741,24149,13240,20347	1,3,0,5,2,4
sw_rc204	14	5,6,10,39,40,79,122,123,124,125,151,152,166,167	15356,4218,29793,29006,13254,21417,17522,4888,6566,28052,27830,20144,4835,25172	5,7,1,8,13,12,3,0,4,2,6,9,10,11
sw_rc205	5	41,127,205,244,307	19786,4267,1589,28412,16403	4,0,1,2,3
sw_rc206	17	-1925,-1920,-1890,-1708,-1406,-1289,-954,-525,-11,149,1040,1158,1843,1885,2191,2558,2657	21289,8665,13481,9158,10719,6686,6115,24658,5836,11542,4606,26431,9368,7942,28428,9841,28271	3,16,15,5,7,0,11,10,6,13,9,14,1,12,8,4,2
sw_rc207	23	-1725,-1182,384,464,702,813,1152,1271,1613,1623,1703,1903,1918,2499,2755,2878,3052,3191,3643,3726,3889,3902,3909	22617,19717,11428,10197,4056,11392,26352,5284,12744,28673,23869,6333,13863,10973,28008,19331,12203,22152,14403,17571,2206,14426,12101	19,16,10,18,8,13,9,3,4,2,22,1,21,17,7,11,12,6,15,14,5,0,20
sw_rc208	21	6,49,53,86,125,138,142,188,210,258,261,265,269,286,303,307,311,329,335,353,391	10338,24953,1866,6982,23613,10620,13221,14346,10402,28866,20527,28626,11976,5812,27442,11279,8594,7120,4987,20439,27238	8,2,14,7,13,6,10,12,15,5,19,11,1,0,20,3,16,17,9,4,18
sw_rc209	17	52,73,87,95,108,186,199,215,218,237,243,245,279,344,354,356,363	25157,24770,26384,24852,8339,9488,16147,13246,27198,18178,26226,6565,25397,6588,6387,22809,10202	16,13,3,2,4,0,10,14,12,8,6,7,11,15,1,5,9
sw_rc210	5	-374,500,1335,3148,3461	11508,18361,27189,19752,2757	0,3,1,4,2
sw_rc211	20	-1875,-1600,-1200,-1139,-1061,-407,41,608,692,743,780,936,1079,1082,1488,1977,2380,2663,3450,3924	17150,19013,26563,26910,27094,10411,7727,10873,6718,10115,3337,21339,11644,14937,17488,22692,13579,3943,1321,16636	19,2,7,10,6,0,16,5,15,12,4,3,11,17,9,13,8,18,1,14
sw_rc212	5	-942,1190,1395,2520,2617	19825,3852,25365,28168,23314	2,4,3,1,0
sw_rc213	18	11,25,34,90,144,164,168,176,178,180,183,210,224,252,264,287,327,375	27505,21291,8465,25844,14006,16028,6711,14349,9162,2824,22043,6699,21013,7186,1438,8486,10124,6706	6,16,10,5,0,8,3,4,1,13,11,14,7,17,2,12,15,9
sw_rc214	21	-1949,-1842,-1637,-1241,-974,-7,23,746,824,930,1016,1871,2116,2467,2608,2818,3117,3141,3296,3410,3968	14346,17616,2443,27633,12148,19177,20487,13168,25935,26346,22510,13087,7625,3863,11851,10880,5090,25486,9937,29782,4103	2,14,16,6,17,18,7,1,5,8,4,12,20,3,10,9,19,13,0,15,11
sw_rc215	7	45,48,59,60,61,62,132	22078,26348,3353,17080,25921,10489,4732	1,2,0,4,3,6,5
sw_rc216	2	-1043,1805	9705,18149	0,1
sw_rc217	24	-1,0,1,2,3,4,5,6,7,8,9,10,11,12,13,14,15,16,17,18,19,20,21,22	1239,26637,10371,6349,29578,29169,1209,17621,3469,8493,29036,26502,17423,14186,28959,17810,22284,25745,22401,13744,17934,16175,1263,24578	16,5,4,6,14,23,10,11,1,21,19,18,0,17,15,13,22,3,8,9,20,2,7,12
sw_rc218	4	131,245,272,281	8046,9040,8745,3584	2,1,0,3
sw_rc219	22	4,17,48,59,63,71,79,99,119,126,144,172,173,223,242,274,284,299,320,357,359,380	5220,19767,17866,16622,25974,9606,16769,5065,14497,25928,11125,25249,11829,7247,15595,22040,3581,18509,21788,19367,11236,11988	0,4,8,18,21,17,2,6,12,13,10,5,15,1,19,3,14,20,11,16,7,9
sw_rc220	13	39,71,75,116,125,181,207,236,260,269,272,276,321	3108,4922,6828,14649,13218,6228,1894,17214,28406,18441,2050,16435,5807	11,3,4,0,5,12,2,7,9,1,6,8,10
sw_rc221	3	14,79,102	5512,2096,11062	1,0,2
sw_rc222	12	17,18,41,42,43,119,130,131,132,200,201,202	29182,10784,6938,7285,13529,15833,11562,15130,16838,12839,23919,27158	9,5,7,6,3,8,1,0,4,11,10,2
sw_rc223	23	12,44,49,82,84,113,123,129,137,144,145,167,186,190,191,207,226,262,306,318,335,358,399	20197,16097,8909,13269,19692,24928,23924,2528,5237,11656,12137,25572,12223,10290,11469,16009,26839,29783,25853,2412,21206,19315,29911	10,21,22,6,16,7,15,5,11,4,18,8,19,9,20,13,1,2,14,12,0,3,17
sw_rc224	24	-1393,-1336,-962,-941,-638,-437,283,498,506,913,947,1027,1072,1099,1278,1353,1722,1725,1776,2619,2705,3115,3331,3424	20188,14602,8208,11991,12552,2878,9963,11358,16537,20570,13325,15481,16298,11213,26430,13202,11743,7429,20429,13241,9041,17551,2855,7295	3,8,17,0,4,11,1,10,6,9,14,16,21,13,20,18,12,22,5,7,19,2,23,15
sw_rc225	22	19,25,43,51,54,56,72,121,124,125,133,141,230,262,265,275,292,313,342,355,367,384	20655,2850,25242,22574,21591,28324,5634,27688,8808,27405,3630,28312,21256,10277,9561,6638,4930,15756,23874,19140,23383,3013	12,18,13,16,10,21,2,4,15,1,17,11,20,14,8,7,3,6,0,19,9,5
sw_rc226	10	25,26,27,28,29,30,31,32,33,34	24294,16561,7050,1486,1973,25261,15484,6171,21697,18356	1,6,3,9,8,2,0,4,5,7
sw_rc227	20	13,14,15,16,19,118,129,130,131,132,134,135,136,143,144,156,159,160,161,246	29820,6807,16614,7790,10734,29033,4459,7332,11343,27709,4853,18068,3938,1937,28343,3925,12519,19485,5218,27680	4,3,2,15,10,1,6,9,14,0,13,11,5,19,17,7,16,12,8,18
sw_rc228	23	38,39,40,41,42,43,44,45,46,47,48,49,50,51,52,53,54,55,56,57,58,59,60	28572,9290,12712,10269,26333,17934,29879,6662,26043,8990,18816,11987,29711,7742,13099,6042,12054,3792,5308,23163,21611,9705,22599	13,1,3,7,16,5,9,20,17,6,14,12,11,19,21,10,4,8,18,0,2,22,15
sw_rc229	23	-1629,-627,-304,-36,70,278,1049,1624,1960,1998,2238,2761,2810,2834,3018,3196,3357,3461,3530,3616,3807,3974,3983	29719,2691,19819,28008,23851,26192,7703,7076,1341,21616,29797,19768,26350,21896,2846,19442,17257,28342,21585,9976,23115,27360,14458	16,9,17,10,22,18,2,20,1,11,13,5,7,6,14,19,4,3,21,8,15,0,12
sw_rc230	20	-1944,-1745,-1350,-1118,-1100,-1001,-590,-505,-197,-112,110,595,711,1045,1677,1862,2375,2848,2869,3536	29561,20840,11219,20821,10083,21989,26820,8322,11271,20773,21650,2210,21415,27132,4441,12977,18599,10176,20273,12674	15,11,13,4,14,8,18,17,1,0,6,16,7,5,3,2,9,19,12,10
sw_rc231	17	-3,-2,-1,0,1,2,3,4,5,6,7,8,9,10,11,12,13	29453,22015,14567,11595,14497,6185,23489,13881,9785,5121,9511,27332,23609,24666,10449,4511,25282	6,16,0,8,12,14,1,13,2,5,15,7,9,11,4,3,10
sw_rc232	17	19,20,21,22,23,24,25,26,27,28,29,30,31,32,33,34,35	24659,16569,15397,14877,6059,18996,24149,22844,6009,14539,15659,22743,2151,21582,7011,16629,16565	0,1,3,6,8,9,12,11,10,16,5,14,13,4,15,2,7
sw_rc233	8	56,57,104,105,106,116,117,157	16642,4871,27433,23238,4040,24523,9308,20138	3,4,6,1,7,2,5,0
sw_rc234	18	-1538,-641,-340,-337,-213,299,306,405,556,917,1223,1491,1576,2300,2319,2869,3360,3462	9064,18857,2978,8187,14075,21108,20945,28332,19766,22130,16830,18296,8131,27144,7324,6218,23902,23940	6,16,4,17,7,0,11,10,13,2,8,1,9,5,3,15,12,14
sw_rc235	17	-1485,-1222,-2,131,809,821,875,883,1332,1353,1746,1790,3016,3196,3355,3539,3960	3374,10654,29977,19565,26501,3426,4885,3588,6131,29884,20279,9512,4943,9578,21329,17494,9695	1,4,0,11,3,12,16,6,10,2,13,14,9,7,8,15,5
sw_rc236	13	9,10,11,12,13,14,15,16,17,18,19,20,21	8899,7775,13057,2968,20814,9796,13696,28818,7149,9526,17863,21229,11963	0,2,3,7,9,5,8,4,11,12,6,10,1
sw_rc237	4	7,8,9,10	11019,26251,15615,9969	3,2,1,0
sw_rc238	9	24,69,70,80,172,197,198,199,200	15934,9812,25171,23314,8675,22094,16466,8653,12589	6,2,4,5,1,0,8,3,7
sw_rc239	9	28,29,30,31,32,33,34,35,36	17410,14626,19084,4173,17373,21323,11300,10913,7327	5,7,8,4,2,0,3,1,6
